"date","FL152090005.Q","FL152090006.Q","FL152000005.Q","FL152000006.Q","FL154190005.Q","FL154190006.Q","LM152010005.Q","LM152010006.Q","FL154090005.Q","FL154090006.Q","FL153165105.Q","FL153165106.Q","FL153166000.Q","FL153166006.Q","FL154199005.Q","FL154199006.Q","LM155035015.Q","LM155035016.Q","LM155111005.Q","LM155111006.Q","LM162010005.Q","LM162010006.Q","FL154000025.Q","FL154000026.Q","LM153064105.Q","LM153064106.Q","LM153064175.Q","LM153064176.Q","FL594190045.Q","FL594190046.Q","LM152090205.Q","LM152090206.Q","FL153099005.Q","FL153099006.Q","FC152090005.Q","FC153064475.Q","FC155035005.Q","FC152090045.Q","FA156012005.Q"
"2018:Q3",109038604,699.90,124933920,801.93,15895316,102.03,35114658,225.39,89819262,576.53,10266647,65.90,3922814,25.18,1705855,10.95,25628491,164.50,5474543,35.14,4011624,25.75,12527749,80.41,18982733,121.85,12435382,79.82,15439807, 99.11,13058120, 83.82,17375471,111.53, 2069943, 1219995,  245106, 604843,15579174
"2018:Q2",106968661,693.19,122696106,795.10,15727445,101.92,34794925,225.48,87901181,569.62,10176114,65.94,3849092,24.94,1702239,11.03,25330092,164.15,5410468,35.06,4054365,26.27,12538533,81.25,18245145,118.23,11952975,77.46,15353599, 99.50,12957555, 83.97,16853374,109.21, 2277472,  931473,  531063, 814936,15431444
"2018:Q1",104691189,684.74,120295001,786.80,15603812,102.06,34197606,223.67,86097395,563.13,10106925,66.11,3806794,24.90,1690093,11.05,24966690,163.30,5354431,35.02,3876485,25.35,12437200,81.35,17493568,114.42,11773080,77.00,15267451, 99.86,12597391, 82.39,16528706,108.11, 1327268, -301281,  393772,1234776,15289163
"2017:Q4",103363922,687.62,118929104,791.16,15565182,103.55,33735310,224.42,85193794,566.74,10070393,66.99,3826437,25.46,1668352,11.10,24533483,163.21,5294128,35.22,3907699,26.00,12163939,80.92,17740555,118.02,11827373,78.68,15181314,100.99,12520909, 83.29,15759703,104.84, 2595918, 1478594,  530819, 586505,15032156
"2017:Q3",100768004,678.73,116124154,782.16,15356150,103.43,33158601,223.34,82965553,558.82, 9992711,67.31,3752162,25.27,1611277,10.85,24102457,162.34,5256519,35.41,3799625,25.59,12036264,81.07,16782188,113.04,11307147,76.16,15094668,101.67,12231579, 82.39,15513708,104.49, 2043220, 1135713,  443986, 463522,14846605
"2017:Q2", 98724784,671.28,113942272,774.75,15217488,103.47,32675865,222.18,81266407,552.57, 9908591,67.37,3694536,25.12,1614361,10.98,23721715,161.30,5226448,35.54,3727702,25.35,11861760,80.65,16124376,109.64,10829246,73.63,15005237,102.03,12018376, 81.72,15427411,104.90, 1411635,  825116,  488239,  98280,14706980
"2017:Q1", 97313148,666.55,112359550,769.61,15046402,103.06,32162799,220.30,80196751,549.31, 9827095,67.31,3639230,24.93,1580077,10.82,23340986,159.87,5208965,35.68,3612848,24.75,11994113,82.15,15597725,106.84,10530781,72.13,14915518,102.16,11729362, 80.34,15429253,105.68, 2114966, 1306452,  316728, 491785,14599565
"2016:Q4", 95198183,662.60,110199294,767.01,15001111,104.41,31779332,221.19,78419962,545.82, 9784808,68.10,3643655,25.36,1572648,10.95,22991726,160.03,5149262,35.84,3638344,25.32,11824778,82.30,14849506,103.36, 9972547,69.41,14825892,103.19,11669790, 81.22,15277448,106.33, 2001242,  550647,  449460,1001135,14367463
"2016:Q3", 93196941,656.23,108089745,761.09,14892804,104.86,31293228,220.34,76796517,540.75, 9728161,68.50,3573324,25.16,1591319,11.20,22581993,159.01,5120694,36.06,3590541,25.28,11635543,81.93,14373164,101.21, 9898242,69.70,14734990,103.75,11504244, 81.00,14650334,103.16, 2350602,  889141,  551621, 909839,14201950
"2016:Q2", 90846339,644.88,105544777,749.22,14698439,104.34,30705622,217.97,74839155,531.25, 9647754,68.49,3488476,24.76,1562209,11.09,22203348,157.61,5091610,36.14,3410664,24.21,11318521,80.35,13792019, 97.90, 9590246,68.08,14644301,103.95,11142764, 79.10,14351305,101.87,  820125,  522963,  354677, -57515,14087369
"2016:Q1", 90026214,641.82,104575198,745.55,14548984,103.72,30305048,216.05,74270150,529.49, 9586180,68.34,3420930,24.39,1541873,10.99,21901596,156.14,5053181,36.03,3350271,23.89,11345034,80.88,13407593, 95.59, 9451709,67.38,14556428,103.78,10918674, 77.84,14590711,104.02,  479844,   10996,  253444, 215405,14026668
"2015:Q4", 89546370,643.06,104092280,747.52,14545910,104.46,29999767,215.44,74092513,532.08, 9583130,68.82,3413612,24.51,1549168,11.13,21587306,155.03,5005802,35.95,3406659,24.46,11243483,80.74,13365407, 95.98, 9482899,68.10,14469549,103.91,10862698, 78.01,14668477,105.34, 1999031,  967160,  359946, 671925,13925039
"2015:Q3", 87547339,629.87,102066794,734.33,14519455,104.46,29602927,212.98,72463867,521.35, 9517723,68.48,3478539,25.03,1523193,10.96,21240660,152.82,4973120,35.78,3389147,24.38,10894784,78.38,12804518, 92.12, 9076629,65.30,14381233,103.47,10708882, 77.05,14597822,105.03, -988714,-2080988,  399527, 692747,13899285
"2015:Q2", 88536053,644.29,102990017,749.47,14453964,105.18,29162066,212.22,73827951,537.25, 9473942,68.94,3394796,24.70,1585226,11.54,20901623,152.10,4937576,35.93,3322867,24.18,10725650,78.05,14044655,102.20, 9917480,72.17,14294242,104.02,10487352, 76.32,14358572,104.49,  615352,  -58710,  326418, 347645,13741746
"2015:Q1", 87920700,647.85,102234245,753.32,14313545,105.47,28773068,212.02,73461177,541.30, 9434663,69.52,3319710,24.46,1559172,11.49,20610796,151.87,4882298,35.98,3279974,24.17,10811195,79.66,14149960,104.26, 9870885,72.73,14205394,104.67,10291893, 75.84,14131850,104.13, 1715171,  588860,  439466, 686845,13571233
"2014:Q4", 86205529,640.18,100541996,746.65,14336467,106.47,28302747,210.18,72239249,536.46, 9464474,70.29,3314567,24.61,1557426,11.57,20316476,150.87,4860528,36.10,3125743,23.21,10657521,79.15,13814361,102.59, 9617624,71.42,14115034,104.82,10016963, 74.39,14017747,104.10, 1874834,  819928,  442565, 612342,13465790
"2014:Q3", 84330695,633.29, 98592157,740.38,14261462,107.10,27836688,209.04,70755469,531.34, 9452486,70.98,3246127,24.38,1562849,11.74,19975398,150.01,4843384,36.37,3017906,22.66,10344411,77.68,13238261, 99.41, 9373796,70.39,14009788,105.21, 9693137, 72.79,14096076,105.86,  369008, -467788,  357659, 479138,13316341
"2014:Q2", 83961686,639.39, 98113665,747.16,14151978,107.77,27439901,208.96,70673764,538.20, 9442214,71.90,3167475,24.12,1542289,11.74,19678765,149.86,4810601,36.63,2950535,22.47,10254047,78.09,13548812,103.18, 9531034,72.58,13903213,105.88, 9400799, 71.59,14035859,106.89, 1353845, 1081761,  223597,  48488,13131528
"2014:Q1", 82607841,639.78, 96625286,748.34,14017445,108.56,27184098,210.54,69441188,537.81, 9448785,73.18,3100078,24.01,1468582,11.37,19518680,151.17,4784529,37.06,2880889,22.31,10252077,79.40,12837129, 99.42, 9160956,70.95,13796090,106.85, 9257905, 71.70,14137031,109.49, 1175038,  641545,  247793, 285701,12911888
"2013:Q4", 81432803,643.31, 95485826,754.32,14053023,111.02,26925229,212.70,68560597,541.62, 9483011,74.91,3093386,24.44,1476626,11.67,19253848,152.10,4779573,37.76,2891808,22.84,10123855,79.98,12380727, 97.81, 8975814,70.91,13691478,108.16, 9229674, 72.91,14159049,111.85, 2925511, 1545496,  469284, 910731,12658500
"2013:Q3", 78507292,625.18, 92477222,736.43,13969930,111.25,26437021,210.53,66040201,525.90, 9497661,75.63,3033034,24.15,1439235,11.46,18846508,150.08,4768937,37.98,2821576,22.47, 9916121,78.97,11547208, 91.95, 8263837,65.81,13341038,106.24, 8956887, 71.33,14015111,111.61, 2667795, 1202440,  575999, 889356,12557546
"2013:Q2", 75839496,609.00, 89730267,720.54,13890770,111.54,25840019,207.50,63890248,513.05, 9486753,76.18,2962257,23.79,1441760,11.58,18375933,147.56,4755644,38.19,2708442,21.75, 9743081,78.24,10894239, 87.48, 7714365,61.95,12991177,104.32, 8621506, 69.23,13925879,111.83, 1806893,  352231,  601497, 853166,12453127
"2013:Q1", 74032603,599.36, 87913829,711.75,13881226,112.38,25225811,204.23,62688018,507.52, 9520335,77.08,2919236,23.63,1441655,11.67,17873180,144.70,4750954,38.46,2601677,21.06, 9745636,78.90,10676578, 86.44, 7579796,61.37,12641985,102.35, 8307425, 67.26,13736598,111.21, 3104318, 1848005,  495707, 760606,12351871
"2012:Q4", 70928285,553.21, 84850427,661.80,13922142,108.59,24699475,192.65,60150952,469.15, 9566631,74.62,2918258,22.76,1437253,11.21,17411620,135.80,4727486,36.87,2560369,19.97, 9714186,75.77, 9468453, 73.85, 6939916,54.13,12289619, 95.85, 8134623, 63.45,13604155,106.11, 1203406,  140050,  367409, 695946,12821214
"2012:Q3", 69724879,562.03, 83599311,673.86,13874431,111.84,24297813,195.86,59301498,478.01, 9616217,77.51,2854923,23.01,1403291,11.31,17054322,137.47,4700734,37.89,2542757,20.50, 9322091,75.14, 9395750, 75.74, 6872568,55.40,12208824, 98.41, 7969528, 64.24,13532736,109.08, 1915287,  898155,  416982, 600150,12405969
"2012:Q2", 67809592,544.23, 81641646,655.25,13832053,111.01,23860817,191.50,57780829,463.74, 9660202,77.53,2795274,22.43,1376577,11.05,16707241,134.09,4689094,37.63,2464482,19.78, 9278144,74.47, 8859632, 71.11, 6510531,52.25,12122845, 97.30, 7682349, 61.66,13327328,106.96,  148830, -708190,  425229, 431791,12459683
"2012:Q1", 67660763,549.29, 81524611,661.84,13863848,112.55,23418216,190.12,58106395,471.72, 9718900,78.90,2746165,22.29,1398783,11.36,16300151,132.33,4679040,37.99,2439025,19.80, 9234112,74.96, 9241471, 75.02, 6836883,55.50,12035711, 97.71, 7508505, 60.96,13249714,107.56, 2329701, 1791393,  217752, 320557,12317916
"2011:Q4", 65331061,544.01, 79238400,659.82,13907338,115.81,23157677,192.83,56080723,466.98, 9777796,81.42,2757073,22.96,1372469,11.43,16116287,134.20,4644698,38.68,2396692,19.96, 9254835,77.06, 8230575, 68.54, 6056386,50.43,11943311, 99.45, 7392434, 61.56,13203182,109.94, 1574370, 1077983,   76993, 419394,12009159
"2011:Q3", 63756691,534.37, 77653756,650.85,13897064,116.48,23057570,193.26,54596186,457.59, 9825060,82.35,2702913,22.65,1369091,11.47,16107609,135.00,4630629,38.81,2319332,19.44, 9012860,75.54, 7597012, 63.67, 5611966,47.04,11848453, 99.31, 7209195, 60.42,13316699,111.61,-2232621,-2724120,   58699, 432799,11931146
"2011:Q2", 65989312,558.19, 79940289,676.20,13950976,118.01,22968890,194.29,56971399,481.91, 9877316,83.55,2653479,22.45,1420181,12.01,16028644,135.58,4609049,38.99,2331197,19.72, 8947577,75.69, 9186252, 77.71, 6746846,57.07,11756452, 99.45, 7096887, 60.03,13237385,111.97,  370871,  -92035,  -28788, 491694,11821927
"2011:Q1", 65618442,559.31, 79617566,678.63,13999124,119.32,22947983,195.60,56669583,483.03, 9938279,84.71,2628601,22.41,1432244,12.21,16081141,137.07,4568240,38.94,2298602,19.59, 8731521,74.42, 9258139, 78.91, 6766994,57.68,11661290, 99.40, 6988898, 59.57,13262741,113.05, 1228417,  956743, -116480, 388154,11732112
"2010:Q4", 64390024,559.27, 78426389,681.19,14036364,121.92,23023848,199.98,55402541,481.21, 9993502,86.80,2646811,22.99,1396051,12.13,16226211,140.94,4535441,39.39,2262196,19.65, 8668633,75.29, 8688189, 75.46, 6380201,55.42,11566272,100.46, 6909513, 60.01,13189734,114.56, 2301928, 1466876, -130562, 965614,11513141
"2010:Q3", 62088096,545.59, 76109791,668.80,14021694,123.21,23129740,203.25,52980051,465.55,10166235,89.33,2503855,22.00,1351604,11.88,16380707,143.94,4520281,39.72,2228752,19.58, 8562144,75.24, 7811835, 68.64, 5789678,50.88,11351511, 99.75, 6762475, 59.42,12702407,111.62, 1534770, 1539658, -287071, 282183,11380056
"2010:Q2", 60553326,536.83, 74636355,661.69,14083028,124.85,23419804,207.63,51216551,454.06,10244605,90.82,2478452,21.97,1359971,12.06,16691793,147.98,4530808,40.17,2197203,19.48, 8504090,75.39, 6892418, 61.10, 5169437,45.83,11135727, 98.72, 6599182, 58.50,12915697,114.50, -956541,-1344141,   10258, 377342,11279729
"2010:Q1", 61509867,554.92, 75653832,682.53,14143964,127.60,23422594,211.31,52231238,471.21,10312312,93.03,2493129,22.49,1338523,12.08,16801822,151.58,4550703,41.06,2070069,18.68, 8622422,77.79, 7602107, 68.58, 5803888,52.36,10923997, 98.55, 6324706, 57.06,12954117,116.87,  971392,  581595,  -44123, 433920,11084386
"2009:Q4", 60538475,551.11, 74816971,681.09,14278495,129.98,23473860,213.69,51343111,467.40,10442797,95.06,2555017,23.26,1280681,11.66,16796447,152.90,4560020,41.51,2117393,19.28, 8828088,80.37, 7325332, 66.69, 5499069,50.06,10710360, 97.50, 6339228, 57.71,12641034,115.08,  750434,  430779,   57180, 262475,10984918
"2009:Q3", 59788041,548.35, 74071156,679.34,14283115,131.00,23381591,214.44,50689565,464.90,10491304,96.22,2558788,23.47,1233023,11.31,16735332,153.49,4530910,41.56,2115349,19.40, 8727437,80.04, 7178277, 65.84, 5215344,47.83,10619151, 97.39, 6369623, 58.42,12579733,115.37, 1304554, 1842994, -100480,-437959,10903352
"2009:Q2", 58483487,533.98, 72761483,664.34,14277996,130.36,23494125,214.51,49267358,449.83,10548316,96.31,2548869,23.27,1180811,10.78,16660571,152.12,4547974,41.52,2285580,20.87, 8951971,81.73, 6098212, 55.68, 4452416,40.65,10525930, 96.11, 6638984, 60.62,12599846,115.04,  744564, 1879244, -273893,-860787,10952435
"2009:Q1", 57738923,535.24, 72037493,667.78,14298570,132.55,23766157,220.31,48271336,447.47,10578244,98.06,2578179,23.90,1142147,10.59,16671397,154.54,4551280,42.19,2543480,23.58, 9072519,84.10, 4967240, 46.05, 3704143,34.34,10434164, 96.72, 7104456, 65.86,12988814,120.41,-1256959,-1137434, -601876, 482350,10787538
"2008:Q4", 58995882,541.27, 73396308,673.39,14400426,132.12,24376034,223.64,49020274,449.75,10578399,97.05,2643789,24.26,1178238,10.81,17170988,157.54,4565257,41.89,2639789,24.22, 9086946,83.37, 5696815, 52.27, 4112002,37.73,10346129, 94.92, 7500369, 68.81,12278014,112.65,-3828959,-2929178,-1005257, 105476,10899445
"2008:Q3", 62824841,572.70, 77529558,706.74,14704716,134.05,25382358,231.38,52147200,475.36,10654850,97.13,2643813,24.10,1406053,12.82,18071059,164.73,4576769,41.72,2734530,24.93, 8587327,78.28, 7317053, 66.70, 5420942,49.42,10242108, 93.37, 7960295, 72.56,12619475,115.04,-1982945,-1930910, -793558, 741523,10969951
"2008:Q2", 64807787,584.35, 79368208,715.64,14560421,131.29,26138248,235.68,53229960,479.96,10683884,96.33,2620453,23.63,1256084,11.33,18923008,170.62,4547808,41.01,2667432,24.05, 8440652,76.11, 8386591, 75.62, 6282314,56.65,10137458, 91.41, 8131303, 73.32,11851641,106.86,-1369944, -568589,-1012530, 211175,11090514
"2008:Q1", 66177731,613.88, 80804625,749.57,14626894,135.68,27119357,251.57,53685268,498.00,10697609,99.23,2602008,24.14,1327277,12.31,19830841,183.96,4522484,41.95,2766032,25.66, 8619019,79.95, 8911980, 82.67, 6325514,58.68,10030921, 93.05, 8510824, 78.95,11287010,104.70,-2263123,-1615435, -932492, 284805,10780171
"2007:Q4", 68440853,641.99, 82944689,778.04,14503835,136.05,27996905,262.62,54947784,515.42,10625894,99.67,2609477,24.48,1268464,11.90,20640729,193.61,4473942,41.97,2882234,27.04, 8192710,76.85, 9856426, 92.46, 6996504,65.63, 9926358, 93.11, 8956545, 84.01,11019241,103.36,-1024403, -921273, -624587, 521457,10660758
"2007:Q3", 69465256,658.45, 83754983,793.90,14289726,135.45,28570787,270.82,55184196,523.08,10520348,99.72,2555552,24.22,1213826,11.51,21276551,201.68,4427357,41.97,2866879,27.17, 7845427,74.37,10545685, 99.96, 7228517,68.52, 9804477, 92.94, 9070957, 85.98,10689132,101.32,   80092,   60003, -539808, 559897,10549791
"2007:Q2", 69385165,661.99, 83425412,795.94,14040247,133.96,29069627,277.35,54355785,518.60,10338341,98.64,2476966,23.63,1224940,11.69,21890433,208.85,4391315,41.90,2787879,26.60, 7598863,72.50,10632072,101.44, 7082128,67.57, 9681617, 92.37, 9068320, 86.52,10292786, 98.20,  440712,  727471, -494248, 207489,10481314
"2007:Q1", 68944453,664.82, 82681253,797.28,13736800,132.46,29510603,284.57,53170650,512.71,10143452,97.81,2440172,23.53,1153176,11.12,22466717,216.64,4344563,41.89,2699323,26.03, 7537404,72.68,10350900, 99.81, 6635829,63.99, 9559902, 92.18, 9072293, 87.48,10014322, 96.57, 1012595,  557933, -101080, 555742,10370417
"2006:Q4", 67931858,666.87, 81494106,800.01,13562248,133.14,29558933,290.17,51935173,509.84, 9941347,97.59,2456716,24.12,1164185,11.43,22638034,222.23,4298508,42.20,2622391,25.74, 7260937,71.28, 9982642, 98.00, 6446154,63.28, 9440869, 92.68, 9029235, 88.64, 9775336, 95.96, 1503297, 1164285,   60110, 278902,10186612
"2006:Q3", 66428561,659.61, 79719593,791.58,13291031,131.97,29452794,292.45,50266799,499.13, 9787725,97.19,2411441,23.94,1091865,10.84,22611124,224.52,4258448,42.28,2583222,25.65, 7070747,70.21, 9261659, 91.96, 6002851,59.61, 9324641, 92.59, 8882858, 88.20, 9724042, 96.56,  523891,  487440,    8242,  28209,10070923
"2006:Q2", 65904670,660.83, 78865137,790.79,12960467,129.96,29389688,294.69,49475449,496.10, 9547689,95.74,2349611,23.56,1063167,10.66,22683914,227.45,4209342,42.21,2496432,25.03, 6905241,69.24, 9010632, 90.35, 5766439,57.82, 9209885, 92.35, 8692433, 87.16, 9890820, 99.18,  -65553, -391409,  115175, 210680, 9972968
"2006:Q1", 65970223,668.45, 78587530,796.29,12617307,127.85,29221768,296.09,49365762,500.20, 9240613,93.63,2337585,23.69,1039109,10.53,22649257,229.49,4160856,42.16,2411655,24.44, 6813977,69.04, 9292211, 94.15, 5876268,59.54, 9097644, 92.18, 8574472, 86.88, 9711190, 98.40, 2508369, 1368233,  530211, 609926, 9869203
"2005:Q4", 63461854,658.87, 75721810,786.16,12259956,127.29,28631894,297.26,47089916,488.90, 8941524,92.83,2320555,24.09, 997877,10.36,22174877,230.22,4106226,42.63,2350791,24.41, 6579558,68.31, 8125028, 84.36, 5675218,58.92, 8984585, 93.28, 8449683, 87.73, 9275844, 96.30, 1799222,  290458,  823077, 685687, 9631865
"2005:Q3", 61662632,653.46, 73628764,780.27,11966132,126.81,27756163,294.14,45872601,486.13, 8678933,91.97,2278385,24.14,1008814,10.69,21440143,227.21,4057909,43.00,2258111,23.93, 6439503,68.24, 8010877, 84.89, 5498911,58.27, 8881315, 94.12, 8141451, 86.28, 8900544, 94.32, 1772902,  727268,  844079, 201555, 9436262
"2005:Q2", 59889730,643.36, 71506315,768.15,11616585,124.79,26869202,288.64,44637113,479.51, 8380726,90.03,2232389,23.98,1003470,10.78,20661904,221.96,4018293,43.17,2189005,23.52, 6321620,67.91, 7580762, 81.44, 5201759,55.88, 8777205, 94.29, 7830443, 84.12, 8925324, 95.88, 1577633,  356782,  877067, 343784, 9308928
"2005:Q1", 58312097,636.16, 69596334,759.27,11284236,123.11,25923809,282.82,43672525,476.45, 8090027,88.26,2204974,24.06, 989235,10.79,19856222,216.62,3955084,43.15,2112503,23.05, 6272713,68.43, 7366823, 80.37, 5058916,55.19, 8674420, 94.63, 7529952, 82.15, 8769700, 95.67, 1118863,  -36781,  828037, 327608, 9166268
"2004:Q4", 57193234,620.15, 68264541,740.19,11071306,120.05,25033112,271.43,43231429,468.76, 7860166,85.23,2220119,24.07, 991021,10.75,19052567,206.59,3898171,42.27,2082374,22.58, 6189298,67.11, 7347548, 79.67, 5114973,55.46, 8575044, 92.98, 7342658, 79.62, 8661908, 93.92, 2499482, 1186609,  742445, 570428, 9222516
"2004:Q3", 54693752,605.66, 65393175,724.15,10699423,118.48,24214230,268.14,41178945,456.00, 7606628,84.23,2164875,23.97, 927920,10.28,18354809,203.26,3827837,42.39,2031584,22.50, 6060697,67.11, 6680679, 73.98, 4595232,50.89, 8412809, 93.16, 7080643, 78.41, 8348885, 92.45, 1059610, -103638,  744496, 418752, 9030390
"2004:Q2", 53634142,600.82, 64057779,717.58,10423638,116.77,23432819,262.50,40624960,455.09, 7361412,82.46,2114539,23.69, 947686,10.62,17727721,198.59,3795111,42.51,1909987,21.40, 6045080,67.72, 6788395, 76.04, 4591154,51.43, 8253313, 92.45, 6701132, 75.07, 8245886, 92.37, 1149536,  -31139,  762953, 417722, 8926869
"2004:Q1", 52484606,598.75, 62592045,714.06,10107439,115.31,22606864,257.90,39985181,456.15, 7091007,80.89,2096472,23.92, 919960,10.49,17068607,194.72,3737758,42.64,1800499,20.54, 6021920,68.70, 6853355, 78.18, 4557334,51.99, 8095876, 92.36, 6331810, 72.23, 8124887, 92.69, 2244939,  411412,  634408,1199120, 8765712
"2003:Q4", 50239666,580.55, 60142421,694.99, 9902755,114.43,21907862,253.16,38234559,441.83, 6915909,79.92,2102932,24.30, 883914,10.21,16499042,190.66,3677665,42.50,1731155,20.00, 5891574,68.08, 6643717, 76.77, 4355560,50.33, 7938164, 91.73, 6118801, 70.71, 7286744, 84.20, 2195116, 1319684,  516478, 358954, 8653739
"2003:Q3", 48044550,559.20, 57693535,671.51, 9648985,112.31,21339179,248.37,36354356,423.14, 6708635,78.08,2059675,23.97, 880675,10.25,15975998,185.95,3630871,42.26,1732310,20.16, 5857549,68.18, 5842562, 68.00, 3837031,44.66, 7854713, 91.42, 6004333, 69.89, 6958168, 80.99, 1056798,  528749,  450843,  77206, 8591617
"2003:Q2", 46987752,559.58, 56377103,671.39, 9389350,111.82,20839203,248.17,35537900,423.22, 6464262,76.98,2021930,24.08, 903158,10.76,15523897,184.87,3586094,42.71,1729212,20.59, 5900075,70.26, 5501677, 65.52, 3649167,43.46, 7772893, 92.57, 5858377, 69.77, 6855711, 81.64, 1787282, 1423309,  363697,    275, 8397021
"2003:Q1", 45200471,544.99, 54198680,653.49, 8998209,108.49,20434394,246.38,33764286,407.10, 6205332,74.82,1989123,23.98, 803754, 9.69,15176710,182.99,3549593,42.80,1708091,20.59, 5850165,70.54, 4637318, 55.91, 3090216,37.26, 7691106, 92.73, 5720859, 68.98, 6774621, 81.68,  196631, -407349,  390231, 213749, 8293770
"2002:Q4", 45003840,547.73, 53815449,654.98, 8811609,107.24,20017534,243.63,33797915,411.35, 6031127,73.40,1997008,24.31, 783474, 9.54,14854813,180.80,3526205,42.92,1636516,19.92, 5697074,69.34, 5000337, 60.86, 3134547,38.15, 7615751, 92.69, 5550126, 67.55, 6800081, 82.76, 1135392,  526638,  360212, 248541, 8216372
"2002:Q3", 43868448,539.57, 52432460,644.90, 8564011,105.33,19617696,241.29,32814764,403.61, 5833619,71.75,1951608,24.00, 778784, 9.58,14529747,178.71,3490768,42.94,1597181,19.64, 5579551,68.63, 4659640, 57.31, 2948606,36.27, 7531405, 92.63, 5442654, 66.94, 6652909, 81.83,-1277215,-1726858,  382842,  66802, 8130325
"2002:Q2", 45145663,557.50, 53494189,660.60, 8348526,103.10,19183244,236.89,34310945,423.70, 5639128,69.64,1917644,23.68, 791754, 9.78,14172009,175.01,3442973,42.52,1568262,19.37, 5484009,67.72, 5747509, 70.98, 3587595,44.30, 7445643, 91.95, 5352587, 66.10, 6693603, 82.66, -734541,-1123594,  370121,  18931, 8097865
"2002:Q1", 45880204,574.75, 54040221,676.97, 8160016,102.22,18763824,235.06,35276397,441.91, 5462407,68.43,1883516,23.60, 814093,10.20,13814462,173.06,3398272,42.57,1551090,19.43, 5522601,69.18, 6441628, 80.70, 4017069,50.32, 7361870, 92.22, 5282127, 66.17, 6651101, 83.32,  604594,   90404,  286645, 227546, 7982660
"2001:Q4", 45275610,581.03, 53303756,684.06, 8028146,103.03,18438161,236.62,34865595,447.44, 5324935,68.34,1891827,24.28, 811384,10.41,13548401,173.87,3364260,43.17,1525500,19.58, 5445221,69.88, 6422147, 82.42, 3946147,50.64, 7279091, 93.41, 5232412, 67.15, 6540578, 83.94, 1506730, 1162076,  215751, 128902, 7792252
"2001:Q3", 43768880,554.94, 51671525,655.13, 7902645,100.20,18166086,230.32,33505439,424.81, 5210501,66.06,1814351,23.00, 877793,11.13,13307077,168.72,3311313,41.98,1547696,19.62, 5305437,67.27, 5666838, 71.85, 3539379,44.88, 7162654, 90.81, 5223784, 66.23, 6607347, 83.77,-1173484,-1774793,  379174, 222135, 7887189
"2001:Q2", 44942364,583.31, 52590513,682.58, 7648149, 99.27,17751331,230.40,34839182,452.18, 5062200,65.70,1784249,23.16, 801700,10.41,12949742,168.08,3278779,42.56,1522810,19.76, 5163805,67.02, 6788453, 88.11, 4192556,54.42, 7046565, 91.46, 5160888, 66.98, 6486914, 84.19, 1221804,  781241,  346964,  93599, 7704718
"2001:Q1", 43720560,569.12, 51173551,666.14, 7452990, 97.02,17368363,226.09,33805188,440.05, 4901360,63.80,1749724,22.78, 801906,10.44,12607163,164.11,3246733,42.26,1514467,19.71, 5132047,66.81, 6317122, 82.23, 3882647,50.54, 6931323, 90.23, 5103328, 66.43, 6438721, 83.81, -586375,-1418163,  406834, 424954, 7682075
"2000:Q4", 44306936,585.94, 51713996,683.89, 7407060, 97.95,16912563,223.66,34801433,460.23, 4816784,63.70,1741267,23.03, 849010,11.23,12205274,161.41,3201757,42.34,1505532,19.91, 4817716,63.71, 7212642, 95.38, 4405289,58.26, 6819813, 90.19, 5021989, 66.41, 6523983, 86.28, -644439,-1522741,  444694, 433608, 7561740
"2000:Q3", 44951374,599.89, 52215310,696.83, 7263936, 96.94,16410521,219.00,35804789,477.83, 4721811,63.01,1667073,22.25, 875052,11.68,11813384,157.65,3148184,42.01,1448953,19.34, 4637847,61.89, 8269926,110.36, 4870746,65.00, 6727201, 89.78, 4884007, 65.18, 6415062, 85.61,  730632,  -28139,  479671, 279100, 7493267
"2000:Q2", 44220743,600.69, 51303164,696.90, 7082421, 96.21,15882831,215.75,35420333,481.15, 4609105,62.61,1601771,21.76, 871545,11.84,11445073,155.47,3104712,42.17,1333046,18.11, 4581022,62.23, 8323128,113.06, 4845684,65.82, 6636330, 90.15, 4657875, 63.27, 6376294, 86.62, -317297, -738937,  407268,  14372, 7361615
"2000:Q1", 44538040,614.45, 51471071,710.09, 6933031, 95.65,15414198,212.65,36056873,497.44, 4496731,62.04,1553765,21.44, 882535,12.18,11038458,152.29,3047928,42.05,1327812,18.32, 4592649,63.36, 8890938,122.66, 5016811,69.21, 6547408, 90.33, 4606565, 63.55, 6402501, 88.33, 1308737,  774960,  380698, 153080, 7248488
"1999:Q4", 43229303,612.89, 50034480,709.37, 6805178, 96.48,14972235,212.27,35062245,497.10, 4434475,62.87,1553622,22.03, 817081,11.58,10644520,150.91,2991121,42.41,1336594,18.95, 4474383,63.44, 8476461,120.18, 4656328,66.02, 6459488, 91.58, 4566826, 64.75, 6428760, 91.14, 2938896, 2206315,  280666, 451915, 7053398
"1999:Q3", 40290407,583.22, 46924140,679.25, 6633734, 96.03,14646450,212.01,32277690,467.24, 4351224,62.99,1511895,21.89, 770614,11.16,10395701,150.48,2950733,42.71,1300016,18.82, 4304412,62.31, 7012879,101.51, 3913596,56.65, 6366954, 92.16, 4483578, 64.90, 6196272, 89.69,  -59724, -610606,  313556, 237326, 6908221
"1999:Q2", 40350130,591.19, 46823379,686.03, 6473249, 94.84,14283718,209.28,32539661,476.75, 4233199,62.02,1471581,21.56, 768469,11.26,10130979,148.43,2904870,42.56,1247869,18.28, 4224478,61.89, 7419060,108.70, 4118020,60.33, 6274056, 91.92, 4349013, 63.72, 6155035, 90.18, 1151088,  874138,  231145,  45806, 6825260
"1999:Q1", 39199042,578.76, 45517177,672.04, 6318135, 93.28,14005270,206.78,31511907,465.26, 4136676,61.08,1442398,21.30, 739061,10.91, 9893145,146.07,2861307,42.25,1250818,18.47, 4275605,63.13, 6861071,101.30, 3801872,56.13, 6182264, 91.28, 4318760, 63.76, 6072336, 89.66,  516686,  150431,  198396, 167859, 6772954
"1998:Q4", 38682356,577.79, 44913084,670.86, 6230728, 93.07,13775947,205.77,31137137,465.09, 4057442,60.61,1441272,21.53, 732014,10.93, 9692739,144.78,2833799,42.33,1249409,18.66, 4224886,63.11, 6841550,102.19, 3670962,54.83, 6092214, 91.00, 4301415, 64.25, 6006110, 89.71, 2195063, 1734477,  256511, 204075, 6694895
"1998:Q3", 36487293,550.76, 42570796,642.58, 6083502, 91.83,13478408,203.45,29092388,439.13, 3964840,59.85,1400718,21.14, 717944,10.84, 9459748,142.79,2796770,42.22,1221890,18.44, 4052163,61.17, 5741470, 86.66, 3036565,45.84, 5993958, 90.48, 4245356, 64.08, 6022876, 90.91, -789817,-1258985,  248009, 221158, 6624940
"1998:Q2", 37277110,570.10, 43243867,661.35, 5966757, 91.25,13198084,201.85,30045783,459.51, 3888138,59.46,1367744,20.92, 710875,10.87, 9243040,141.36,2767755,42.33,1187289,18.16, 3978913,60.85, 6556114,100.27, 3480905,53.24, 5896576, 90.18, 4177487, 63.89, 5955788, 91.09,  562819,  169949,  217751, 175119, 6538701
"1998:Q1", 36714292,570.24, 42540737,660.73, 5826445, 90.49,12949483,201.13,29591254,459.60, 3809490,59.17,1324043,20.56, 692912,10.76, 9025028,140.17,2740136,42.56,1184319,18.39, 3962434,61.54, 6468910,100.47, 3398160,52.78, 5799498, 90.08, 4164465, 64.68, 5797788, 90.05, 1698360, 1119245,  235840, 343275, 6438429
"1997:Q4", 35015932,555.35, 40785529,646.86, 5769597, 91.51,12689035,201.25,28096494,445.61, 3754238,59.54,1344165,21.32, 671194,10.65, 8854960,140.44,2718027,43.11,1116048,17.70, 3907196,61.97, 5800119, 91.99, 2947706,46.75, 5704961, 90.48, 4043477, 64.13, 5693034, 90.29,  479304,   39293,  189575, 250437, 6305190
"1997:Q3", 34536627,557.56, 40209913,649.15, 5673286, 91.59,12470467,201.32,27739446,447.83, 3717007,60.01,1305805,21.08, 650474,10.50, 8731035,140.95,2690060,43.43,1049372,16.94, 3838017,61.96, 5752283, 92.87, 2956250,47.73, 5635600, 90.98, 3908885, 63.11, 5648411, 91.19, 1065190,  753926,  144089, 167174, 6194206
"1997:Q2", 33471438,548.17, 39023829,639.10, 5552391, 90.93,12301344,201.46,26722485,437.64, 3631924,59.48,1278038,20.93, 642429,10.52, 8621566,141.20,2667040,43.68,1012738,16.59, 3781168,61.93, 5314765, 87.04, 2639841,43.23, 5566183, 91.16, 3829261, 62.71, 5591267, 91.57, 1309466, 1126081,  110078,  73307, 6106041
"1997:Q1", 32161972,532.73, 37618078,623.10, 5456106, 90.37,12179377,201.74,25438701,421.36, 3580473,59.31,1254175,20.77, 621458,10.29, 8507196,140.91,2657101,44.01,1015080,16.81, 3768315,62.42, 4563946, 75.60, 2264579,37.51, 5498177, 91.07, 3805393, 63.03, 5538291, 91.74,  395405,   16664,  160980, 217761, 6037244
"1996:Q4", 31766567,533.54, 37180792,624.47, 5414225, 90.93,11987594,201.34,25193198,423.13, 3538132,59.42,1273878,21.40, 602216,10.11, 8429118,141.57,2627993,44.14, 930483,15.63, 3718297,62.45, 4577264, 76.88, 2234597,37.53, 5431839, 91.23, 3666822, 61.59, 5564380, 93.46,  762485,  448119,   99199, 215167, 5953959
"1996:Q3", 31004082,527.07, 36318726,617.42, 5314644, 90.35,11864727,201.70,24453999,415.72, 3488838,59.31,1229847,20.91, 595959,10.13, 8344024,141.85,2605219,44.29, 915484,15.56, 3676758,62.51, 4277186, 72.71, 2086556,35.47, 5362412, 91.16, 3604885, 61.28, 5446201, 92.59,  293262,   92801,   91208, 109253, 5882311
"1996:Q2", 30710820,528.56, 35927057,618.34, 5216237, 89.78,11746038,202.16,24181019,416.18, 3431661,59.06,1196579,20.59, 587997,10.12, 8247810,141.95,2578831,44.38, 919397,15.82, 3631465,62.50, 4280477, 73.67, 1990465,34.26, 5293667, 91.11, 3585017, 61.70, 5399928, 92.94,  434430,  244950,   95700,  93780, 5810282
"1996:Q1", 30276390,529.38, 35392253,618.83, 5115862, 89.45,11633396,203.41,23758857,415.42, 3378306,59.07,1162207,20.32, 575350,10.06, 8152823,142.55,2562423,44.80, 918150,16.05, 3642779,63.69, 4158305, 72.71, 1867687,32.66, 5225735, 91.37, 3573886, 62.49, 5290465, 92.50,  633411,  296152,  105197, 232062, 5719234
"1995:Q4", 29642979,526.12, 34687947,615.66, 5044969, 89.54,11494175,204.00,23193772,411.65, 3319925,58.92,1168160,20.73, 556884, 9.88, 8055158,142.97,2529254,44.89, 909763,16.15, 3528399,62.62, 4006077, 71.10, 1723762,30.59, 5158201, 91.55, 3538397, 62.80, 5238936, 92.98,  648795,  401243,   82635, 164917, 5634300
"1995:Q3", 28994183,519.88, 33944654,608.65, 4950471, 88.77,11386989,204.18,22557665,404.47, 3289771,58.99,1109599,19.90, 551101, 9.88, 7982730,143.14,2504989,44.92, 899270,16.12, 3481773,62.43, 3680806, 66.00, 1647790,29.55, 5083594, 91.15, 3491431, 62.60, 5172271, 92.74,  632603,  420003,   92471, 120129, 5577048
"1995:Q2", 28361580,515.30, 33198718,603.18, 4837138, 87.89,11272543,204.81,21926175,398.37, 3238302,58.84,1063126,19.32, 535709, 9.73, 7900051,143.53,2484319,45.14, 888173,16.14, 3466826,62.99, 3413501, 62.02, 1495092,27.16, 5008113, 90.99, 3440624, 62.51, 5102018, 92.70,  531059,  346260,   72226, 112572, 5503922
"1995:Q1", 27830522,510.03, 32575840,597.00, 4745319, 86.96,11175342,204.80,21400498,392.19, 3191926,58.50,1024546,18.78, 528847, 9.69, 7831375,143.52,2460699,45.10, 883268,16.19, 3400907,62.33, 3199868, 58.64, 1362465,24.97, 4933461, 90.41, 3407503, 62.45, 5096294, 93.40,  552235,  320966,   48872, 182397, 5456604
"1994:Q4", 27278286,506.66, 31993760,594.24, 4715474, 87.58,11088075,205.95,20905685,388.29, 3165940,58.80,1021168,18.97, 528366, 9.81, 7788102,144.65,2424163,45.03, 875810,16.27, 3349783,62.22, 2981242, 55.37, 1260124,23.41, 4860375, 90.27, 3360770, 62.42, 5093391, 94.60,  271588,    9589,   65988, 196011, 5383972
"1994:Q3", 27006698,511.20, 31602191,598.19, 4595493, 86.99,10993165,208.09,20609026,390.10, 3121049,59.08, 959953,18.17, 514491, 9.74, 7733141,146.38,2396499,45.36, 863525,16.35, 3327292,62.98, 2930104, 55.46, 1301673,24.64, 4792001, 90.71, 3308879, 62.63, 4949077, 93.68,  359862,  146531,   81462, 131869, 5282991
"1994:Q2", 26646836,510.97, 31153626,597.40, 4506790, 86.42,10873467,208.51,20280159,388.89, 3074622,58.96, 918580,17.61, 513588, 9.85, 7660526,146.90,2359548,45.25, 853393,16.36, 3309998,63.47, 2878005, 55.19, 1207241,23.15, 4723795, 90.58, 3274045, 62.78, 4887075, 93.71,  192364,  -30597,   92830, 130131, 5214910
"1994:Q1", 26454473,515.25, 30876252,601.38, 4421779, 86.12,10745768,209.30,20130484,392.08, 3029469,59.00, 883876,17.22, 508434, 9.90, 7579487,147.63,2326037,45.30, 840244,16.37, 3355084,65.35, 2935469, 57.17, 1180374,22.99, 4657399, 90.71, 3214654, 62.61, 4787504, 93.25,  194613, -136793,   70396, 261010, 5134268
"1993:Q4", 26259860,516.68, 30649749,603.06, 4389889, 86.37,10650069,209.55,19999680,393.51, 2999178,59.01, 886169,17.44, 504542, 9.93, 7520597,147.97,2302078,45.30, 827394,16.28, 3366141,66.23, 3071761, 60.44, 1180875,23.23, 4592055, 90.35, 3153174, 62.04, 4635674, 91.21,  452266,  189458,   87079, 175730, 5082375
"1993:Q3", 25807593,514.26, 30103801,599.87, 4296208, 85.61,10525028,209.73,19578773,390.14, 2958017,58.94, 842668,16.79, 495523, 9.87, 7436715,148.19,2265879,45.15, 822434,16.39, 3367032,67.09, 2936029, 58.51, 1127149,22.46, 4527911, 90.23, 3111837, 62.01, 4508815, 89.85,  370659,  187996,   85059,  97603, 5018395
"1993:Q2", 25436935,509.52, 29646656,593.85, 4209721, 84.32,10409547,208.51,19237109,385.33, 2907828,58.25, 818662,16.40, 483231, 9.68, 7354717,147.32,2236252,44.79, 818578,16.40, 3360998,67.32, 2838879, 56.86, 1036303,20.76, 4463929, 89.42, 3077397, 61.64, 4459603, 89.33,  267371,   70970,   82728, 113673, 4992314
"1993:Q1", 25169564,509.13, 29311402,592.91, 4141838, 83.78,10295847,208.26,19015555,384.64, 2854188,57.73, 807262,16.33, 480388, 9.72, 7270566,147.07,2206400,44.63, 818881,16.56, 3371724,68.20, 2838701, 57.42,  965510,19.53, 4400892, 89.02, 3046434, 61.62, 4392294, 88.85,  319416,  138759,    8041, 172616, 4943686
"1992:Q4", 24850148,507.56, 28984353,591.99, 4134205, 84.44,10273802,209.84,18710551,382.16, 2840353,58.01, 824769,16.85, 469084, 9.58, 7260555,148.29,2193255,44.80, 819992,16.75, 3431554,70.09, 2777313, 56.73,  888139,18.14, 4338812, 88.62, 3011033, 61.50, 4263700, 87.08,  623904,  413300,   61888, 148716, 4896050
"1992:Q3", 24226244,500.53, 28287652,584.45, 4061407, 83.91,10188253,210.50,18099399,373.95, 2795327,57.75, 801933,16.57, 464148, 9.59, 7186319,148.48,2171542,44.87, 830392,17.16, 3414410,70.54, 2442836, 50.47,  809316,16.72, 4237453, 87.55, 3016303, 62.32, 4179080, 86.34,  336670,  123630,   67974, 145066, 4840071
"1992:Q2", 23889574,499.03, 27883552,582.46, 3993978, 83.43,10099808,210.97,17783744,371.48, 2740695,57.25, 792332,16.55, 460950, 9.63, 7105888,148.43,2153079,44.98, 840841,17.56, 3424214,71.53, 2358607, 49.27,  769915,16.08, 4136136, 86.40, 3010937, 62.90, 4083934, 85.31,   77326,   -7604,   19897,  65033, 4787216
"1992:Q1", 23812248,505.68, 27762529,589.57, 3950281, 83.89,10057079,213.57,17705450,376.00, 2707721,57.50, 793353,16.85, 449207, 9.54, 7073772,150.22,2132095,45.28, 851212,18.08, 3465669,73.60, 2393662, 50.83,  742464,15.77, 4035923, 85.71, 3032785, 64.41, 4034946, 85.69,   98671,  -38509,   82352,  54828, 4708927
"1991:Q4", 23713577,516.93, 27643956,602.61, 3930379, 85.68, 9958091,217.08,17685865,385.54, 2667356,58.15, 815581,17.78, 447442, 9.75, 6979915,152.16,2117389,46.16, 860787,18.76, 3564460,77.70, 2469372, 53.83,  705263,15.37, 3936501, 85.81, 3026552, 65.98, 3983716, 86.84,  562585,  427165,   43130,  92290, 4587353
"1991:Q3", 23150992,512.55, 26997739,597.71, 3846747, 85.16, 9899363,219.17,17098376,378.55, 2613968,57.87, 802500,17.77, 430279, 9.53, 6918364,153.17,2103443,46.57, 877556,19.43, 3548340,78.56, 2101677, 46.53,  645793,14.30, 3866736, 85.61, 3038549, 67.27, 3897281, 86.28,  263490,  177399,   10798,  75293, 4516830
"1991:Q2", 22887502,512.23, 26692269,597.39, 3804767, 85.15, 9867070,220.83,16825199,376.56, 2590113,57.97, 801306,17.93, 413348, 9.25, 6888053,154.16,2083707,46.63, 895310,20.04, 3570829,79.92, 1976416, 44.23,  593655,13.29, 3797442, 84.99, 3061948, 68.53, 3824908, 85.60,   48021,  -24735,   33738,  39018, 4468169
"1991:Q1", 22839481,517.70, 26579075,602.47, 3739594, 84.77, 9815701,222.49,16763374,379.98, 2529152,57.33, 802207,18.18, 408235, 9.25, 6850353,155.28,2067829,46.87, 897519,20.34, 3645294,82.63, 2006268, 45.48,  588539,13.34, 3729474, 84.54, 3074573, 69.69, 3719227, 84.30,  588318,  351050,   36733, 200535, 4411695
"1990:Q4", 22251163,508.28, 25965085,593.11, 3713922, 84.84, 9747666,222.66,16217419,370.45, 2489255,56.86, 824391,18.83, 400276, 9.14, 6810421,155.57,2039120,46.58, 898125,20.52, 3563325,81.40, 1707493, 39.00,  536264,12.25, 3663118, 83.68, 3064348, 70.00, 3682871, 84.13,  443938,  247948,  -14878, 210868, 4377750
"1990:Q3", 21807225,500.42, 25454987,584.13, 3647762, 83.71, 9737357,223.45,15717630,360.68, 2446737,56.15, 812302,18.64, 388723, 8.92, 6825580,156.63,2016246,46.27, 895531,20.55, 3527003,80.94, 1509367, 34.64,  486443,11.16, 3596343, 82.53, 3053195, 70.06, 3545279, 81.36, -164820, -400819,   46926, 189073, 4357787
"1990:Q2", 21972045,510.43, 25556654,593.71, 3584610, 83.27, 9664374,224.51,15892280,369.19, 2395411,55.65, 798712,18.55, 390487, 9.07, 6779899,157.50,1992511,46.29, 891964,20.72, 3488163,81.03, 1833669, 42.60,  562959,13.08, 3530356, 82.01, 3034171, 70.49, 3442962, 79.98,  233245,   91834,   35078, 106333, 4304602
"1990:Q1", 21738800,513.15, 25250817,596.05, 3512018, 82.90, 9601984,226.66,15648833,369.40, 2334912,55.12, 792320,18.70, 384786, 9.08, 6743397,159.18,1967129,46.43, 891458,21.04, 3497686,82.56, 1776426, 41.93,  528368,12.47, 3466041, 81.82, 3025461, 71.42, 3354852, 79.19,  134802, -142599,   91853, 185549, 4236338
"1989:Q4", 21603997,521.35, 25048334,604.47, 3444337, 83.12, 9466523,228.45,15581811,376.02, 2260115,54.54, 809285,19.53, 374937, 9.05, 6641143,160.26,1925775,46.47, 899605,21.71, 3468739,83.71, 1889865, 45.61,  557528,13.45, 3403461, 82.13, 3006463, 72.55, 3255756, 78.57,  382442,   81579,  107223, 193641, 4143873
"1989:Q3", 21221555,520.53, 24582930,602.98, 3361375, 82.45, 9327699,228.79,15255231,374.19, 2210690,54.22, 784207,19.24, 366478, 8.99, 6544307,160.52,1896350,46.51, 887042,21.76, 3406715,83.56, 1812559, 44.46,  553255,13.57, 3323750, 81.53, 2977605, 73.04, 3181347, 78.03,  536117,  174222,  198643, 163253, 4076921
"1989:Q2", 20685438,513.77, 23962993,595.18, 3277555, 81.41, 9094639,225.89,14868354,369.29, 2146493,53.31, 769617,19.12, 361445, 8.98, 6355800,157.86,1864191,46.30, 874648,21.72, 3348772,83.17, 1681345, 41.76,  510247,12.67, 3244987, 80.60, 2962181, 73.57, 3120822, 77.51,  401843,  122978,  137696, 141169, 4026198
"1989:Q1", 20283595,509.08, 23473249,589.14, 3189654, 80.05, 8927028,224.05,14546221,365.08, 2088877,52.43, 753193,18.90, 347584, 8.72, 6230574,156.38,1836212,46.09, 860242,21.59, 3329309,83.56, 1600240, 40.16,  468375,11.76, 3166914, 79.48, 2926258, 73.44, 3055125, 76.68,  430564,   92104,  124263, 214197, 3984353
"1988:Q4", 19853031,509.75, 22998578,590.51, 3145547, 80.76, 8764943,225.05,14233635,365.46, 2054832,52.76, 745206,19.13, 345509, 8.87, 6116882,157.06,1800452,46.23, 847609,21.76, 3297687,84.67, 1535936, 39.44,  440575,11.31, 3090033, 79.34, 2885079, 74.08, 2984325, 76.63,  517382,  115504,  121905, 279973, 3894692
"1988:Q3", 19335648,506.22, 22406930,586.63, 3071282, 80.41, 8598388,225.11,13808542,361.52, 1999589,52.35, 725838,19.00, 345855, 9.05, 6007212,157.27,1758495,46.04, 832681,21.80, 3228152,84.51, 1416121, 37.07,  444886,11.65, 3039457, 79.57, 2849529, 74.60, 2830398, 74.10,  316257,   11703,  130801, 173752, 3819629
"1988:Q2", 19019392,508.95, 22009917,588.97, 2990525, 80.02, 8426199,225.48,13583718,363.49, 1942104,51.97, 710128,19.00, 338293, 9.05, 5887029,157.53,1719131,46.00, 820039,21.94, 3191069,85.39, 1385562, 37.08,  463742,12.41, 2988980, 79.98, 2818982, 75.43, 2735383, 73.20,  417915,   95356,  176310, 146249, 3737002
"1988:Q1", 18601477,508.44, 21506499,587.85, 2905022, 79.40, 8208746,224.37,13297753,363.47, 1875598,51.27, 693732,18.96, 335692, 9.18, 5721738,156.40,1680168,45.92, 806840,22.05, 3169177,86.62, 1303575, 35.63,  450372,12.31, 2939499, 80.35, 2783614, 76.09, 2651515, 72.48,  484598,  132705,  138559, 213334, 3658509
"1987:Q4", 18116879,506.43, 20977214,586.39, 2860335, 79.96, 8040425,224.76,12936789,361.63, 1828608,51.12, 698640,19.53, 333087, 9.31, 5596381,156.44,1652722,46.20, 791322,22.12, 3089760,86.37, 1197053, 33.46,  424189,11.86, 2891105, 80.82, 2739238, 76.57, 2595443, 72.55,  -67562, -378524,   91544, 219417, 3577374
"1987:Q3", 18184441,519.62, 20993766,599.90, 2809325, 80.28, 7919082,226.29,13074684,373.61, 1802929,51.52, 679637,19.42, 326759, 9.34, 5515818,157.61,1625091,46.44, 778173,22.24, 3002021,85.78, 1479791, 42.28,  519974,14.86, 2840579, 81.17, 2695490, 77.02, 2536828, 72.49,  402698,   93689,  125658, 183351, 3499570
"1987:Q2", 17781743,522.09, 20513291,602.30, 2731548, 80.20, 7755250,227.70,12758041,374.59, 1752706,51.46, 660313,19.39, 318529, 9.35, 5398714,158.51,1588289,46.63, 768247,22.56, 2956069,86.79, 1420154, 41.70,  485923,14.27, 2791612, 81.97, 2674833, 78.54, 2429450, 71.33,  277703,    8085,  134006, 135612, 3405848
"1987:Q1", 17504040,514.03, 20142298,591.51, 2638258, 77.48, 7585546,222.76,12556752,368.75, 1681564,49.38, 644317,18.92, 312377, 9.17, 5272634,154.84,1553918,45.63, 758994,22.29, 2909830,85.45, 1447637, 42.51,  450355,13.23, 2744500, 80.60, 2656040, 78.00, 2348391, 68.96,  612927,  296890,  130051, 185986, 3405257
"1986:Q4", 16891113,505.30, 19523879,584.06, 2632766, 78.76, 7422094,222.03,12101785,362.03, 1649024,49.33, 666355,19.93, 317387, 9.49, 5149189,154.04,1522048,45.53, 750857,22.46, 2926689,87.55, 1229629, 36.78,  371473,11.11, 2699044, 80.74, 2625927, 78.56, 2249022, 67.28,  543060,  178261,  123475, 241324, 3342776
"1986:Q3", 16348053,492.76, 18893663,569.49, 2545610, 76.73, 7257732,218.76,11635931,350.73, 1587994,47.86, 649888,19.59, 307728, 9.28, 5035173,151.77,1482372,44.68, 740187,22.31, 2832813,85.39, 1068228, 32.20,  354613,10.69, 2647302, 79.79, 2598044, 78.31, 2134931, 64.35,  161535, -147016,  129917, 178634, 3317667
"1986:Q2", 16186518,493.59, 18645632,568.58, 2459114, 74.99, 7079747,215.89,11565885,352.69, 1525857,46.53, 627891,19.15, 305366, 9.31, 4914702,149.87,1435734,43.78, 729311,22.24, 2766408,84.36, 1187787, 36.22,  382070,11.65, 2595871, 79.16, 2563990, 78.19, 2069758, 63.11,  361539,   59230,  133660, 168649, 3279358
"1986:Q1", 15824979,488.23, 18218387,562.07, 2393408, 73.84, 6910865,213.21,11307522,348.86, 1476952,45.57, 606799,18.72, 309657, 9.55, 4790235,147.79,1402013,43.25, 718617,22.17, 2706886,83.51, 1143461, 35.28,  367166,11.33, 2544575, 78.50, 2543505, 78.47, 2001928, 61.76,  480966,  173186,  100709, 207071, 3241309
"1985:Q4", 15344013,483.03, 17713323,557.61, 2369310, 74.59, 6783934,213.56,10929389,344.06, 1450249,45.65, 610574,19.22, 308487, 9.71, 4698860,147.92,1376882,43.34, 708192,22.29, 2648662,83.38, 1012729, 31.88,  324712,10.22, 2492396, 78.46, 2507283, 78.93, 1943607, 61.18,  465650,  210548,  160652,  94451, 3176623
"1985:Q3", 14878363,476.63, 17134196,548.90, 2255833, 72.27, 6595890,211.30,10538306,337.60, 1402164,44.92, 585905,18.77, 267764, 8.58, 4548392,145.71,1350434,43.26, 697064,22.33, 2628761,84.21,  864773, 27.70,  262121, 8.40, 2438109, 78.11, 2444651, 78.32, 1899891, 60.86,  189206,  -75470,  162750, 101926, 3121548
"1985:Q2", 14689156,472.78, 16852974,542.42, 2163818, 69.64, 6407391,206.23,10445583,336.20, 1343287,43.23, 559592,18.01, 260939, 8.40, 4394226,141.43,1325529,42.66, 687636,22.13, 2587332,83.27,  933870, 30.06,  268493, 8.64, 2383797, 76.72, 2432380, 78.29, 1839712, 59.21,  316994,   58566,  151729, 106699, 3106975
"1985:Q1", 14372162,475.41, 16460383,544.48, 2088221, 69.08, 6228765,206.04,10231618,338.45, 1304981,43.17, 536023,17.73, 247217, 8.18, 4249114,140.55,1299446,42.98, 680205,22.50, 2544642,84.17,  882085, 29.18,  261712, 8.66, 2331241, 77.11, 2446753, 80.93, 1765184, 58.39,  389381,   84372,  131069, 173940, 3023121
"1984:Q4", 13982781,466.75, 15996758,533.98, 2013977, 67.23, 6067163,202.53, 9929595,331.46, 1243294,41.50, 526584,17.58, 244099, 8.15, 4126194,137.74,1269638,42.38, 671331,22.41, 2497534,83.37,  834952, 27.87,  224473, 7.49, 2280438, 76.12, 2443061, 81.55, 1649136, 55.05,  264107,    5973,  119013, 139121, 2995748
"1984:Q3", 13718674,464.53, 15665566,530.45, 1946892, 65.92, 5923410,200.57, 9742156,329.88, 1211497,41.02, 501839,16.99, 233556, 7.91, 4017347,136.03,1245881,42.19, 660182,22.35, 2388309,80.87,  838453, 28.39,  214999, 7.28, 2232560, 75.60, 2437521, 82.54, 1630313, 55.20,  319831,   53823,  128368, 137640, 2953265
"1984:Q2", 13398843,463.24, 15289993,528.62, 1891150, 65.38, 5771764,199.55, 9518229,329.07, 1177677,40.72, 479799,16.59, 233674, 8.08, 3899278,134.81,1223604,42.30, 648882,22.43, 2331883,80.62,  805315, 27.84,  194315, 6.72, 2184853, 75.54, 2441350, 84.41, 1560514, 53.95,  215732,  -70120,  134092, 151760, 2892421
"1984:Q1", 13183111,467.86, 15009248,532.66, 1826137, 64.81, 5608214,199.03, 9401034,333.63, 1144101,40.60, 452010,16.04, 230026, 8.16, 3775458,133.99,1195099,42.41, 637657,22.63, 2253931,79.99,  866840, 30.76,  202910, 7.20, 2133628, 75.72, 2451813, 87.01, 1491912, 52.95,  233105,  -60225,  176409, 116921, 2817775
"1983:Q4", 12950006,473.85, 14743761,539.49, 1793755, 65.64, 5410715,197.98, 9333046,341.51, 1116384,40.85, 444878,16.28, 232493, 8.51, 3605898,131.94,1174964,42.99, 629853,23.05, 2191270,80.18,  929295, 34.00,  200680, 7.34, 2078314, 76.05, 2445225, 89.47, 1488263, 54.46,   95289,  -57952,   45335, 107905, 2732912
"1983:Q3", 12854717,484.03, 14585864,549.22, 1731147, 65.18, 5340883,201.11, 9244981,348.11, 1087568,40.95, 420612,15.84, 222967, 8.40, 3570315,134.44,1151707,43.37, 618861,23.30, 2146556,80.83,  987943, 37.20,  199983, 7.53, 2030644, 76.46, 2413708, 90.89, 1466147, 55.21,  152492,  -33862,   46391, 139963, 2655754
"1983:Q2", 12702226,491.85, 14375553,556.65, 1673327, 64.79, 5274157,204.23, 9101396,352.42, 1053751,40.80, 403838,15.64, 215738, 8.35, 3532199,136.77,1132328,43.85, 609630,23.61, 2091214,80.98, 1021586, 39.56,  200203, 7.75, 1979995, 76.67, 2404291, 93.10, 1404107, 54.37,  291492,  132763,   44332, 114397, 2582521
"1983:Q1", 12410734,488.32, 14032956,552.15, 1622222, 63.83, 5213865,205.15, 8819091,347.00, 1026258,40.38, 391910,15.42, 204054, 8.03, 3492751,137.43,1117146,43.96, 603968,23.76, 2052859,80.77,  916500, 36.06,  172525, 6.79, 1927918, 75.86, 2408927, 94.78, 1340362, 52.74,  330838,   99813,   50147, 180878, 2541526
"1982:Q4", 12079895,483.73, 13708925,548.97, 1629030, 65.23, 5147965,206.15, 8560960,342.82, 1031175,41.29, 396718,15.89, 201137, 8.05, 3447373,138.05,1102250,44.14, 598342,23.96, 1995328,79.90,  837641, 33.54,  151571, 6.07, 1880187, 75.29, 2386534, 95.57, 1309699, 52.45,  317842,  167804,   40994, 109044, 2497228
"1982:Q3", 11762054,477.68, 13356379,542.43, 1594325, 64.75, 5096901,207.00, 8259478,335.43, 1017736,41.33, 386815,15.71, 189774, 7.71, 3409839,138.48,1092993,44.39, 594069,24.13, 1932602,78.49,  686617, 27.88,  134791, 5.47, 1830826, 74.35, 2382297, 96.75, 1292345, 52.48,  222814,   58261,   13275, 151278, 2462319
"1982:Q2", 11539240,478.30, 13123590,543.97, 1584350, 65.67, 5075210,210.37, 8048380,333.61, 1019260,42.25, 380887,15.79, 184203, 7.64, 3402543,141.04,1085457,44.99, 587210,24.34, 1867181,77.39,  646330, 26.79,  116817, 4.84, 1786857, 74.07, 2387423, 98.96, 1243772, 51.55,  131580,  -28097,   31480, 128197, 2412547
"1982:Q1", 11407660,480.26, 12967796,545.94, 1560136, 65.68, 5030606,211.79, 7937190,334.15, 1007909,42.43, 373537,15.73, 178690, 7.52, 3379724,142.28,1073506,45.19, 577376,24.31, 1819000,76.58,  674817, 28.41,  116428, 4.90, 1746289, 73.52, 2376259,100.04, 1204397, 50.70,  135767, -123898,  100040, 159625, 2375323
"1981:Q4", 11271893,481.71, 12827958,548.20, 1556065, 66.50, 4916986,210.13, 7910972,338.08,  998261,42.66, 377882,16.15, 179922, 7.69, 3292960,140.72,1060997,45.34, 563029,24.06, 1767658,75.54,  796142, 34.02,  119001, 5.09, 1710221, 73.09, 2345143,100.22, 1172807, 50.12,  312095,   69146,   60563, 182386, 2339999
"1981:Q3", 10959798,476.05, 12484383,542.28, 1524585, 66.22, 4842252,210.33, 7642131,331.95,  981849,42.65, 371928,16.16, 170808, 7.42, 3243369,140.88,1048173,45.53, 550710,23.92, 1678415,72.90,  734945, 31.92,  111052, 4.82, 1672640, 72.65, 2308499,100.27, 1136580, 49.37,  103575, -156602,  106077, 154100, 2302221
"1981:Q2", 10856223,489.65, 12349818,557.02, 1493595, 67.37, 4716030,212.71, 7633788,344.31,  964154,43.49, 361610,16.31, 167831, 7.57, 3145246,141.86,1029290,46.42, 541494,24.42, 1617499,72.95,  879547, 39.67,  123051, 5.55, 1634367, 73.72, 2280876,102.88, 1098448, 49.54,  284000,  -21436,  178305, 127131, 2217133
"1981:Q1", 10572223,485.41, 12028416,552.27, 1456193, 66.86, 4514991,207.30, 7513425,344.97,  940590,43.19, 353902,16.25, 161701, 7.42, 2976773,136.68,1008092,46.29, 530126,24.34, 1582996,72.68,  899141, 41.28,  124893, 5.73, 1592421, 73.11, 2239254,102.81, 1074720, 49.34,  198396,    3941,   45184, 149271, 2177992
"1980:Q4", 10373827,487.99, 11820774,556.05, 1446947, 68.06, 4451457,209.40, 7369317,346.65,  926526,43.58, 358044,16.84, 162377, 7.64, 2943161,138.45, 991196,46.63, 517100,24.32, 1540345,72.46,  896587, 42.18,  123506, 5.81, 1548800, 72.86, 2187453,102.90, 1072626, 50.46,  328988,  100070,   59694, 169224, 2125848
"1980:Q3", 10044839,490.88, 11449334,559.51, 1404495, 68.64, 4369921,213.55, 7079413,345.96,  901374,44.05, 350336,17.12, 152785, 7.47, 2898047,141.62, 970690,47.44, 501184,24.49, 1494108,73.02,  806763, 39.43,  113260, 5.53, 1510570, 73.82, 2115980,103.41, 1038732, 50.76,  395566,  102461,  124751, 168354, 2046297
"1980:Q2",  9649274,488.01, 11017768,557.22, 1368494, 69.21, 4224000,213.63, 6793768,343.59,  873960,44.20, 345637,17.48, 148897, 7.53, 2784958,140.85, 951028,48.10, 488014,24.68, 1444436,73.05,  715628, 36.19,  101935, 5.16, 1471448, 74.42, 2051737,103.77, 1008584, 51.01,  343991,  101509,   86776, 155706, 1977275
"1980:Q1",  9305283,477.90, 10655526,547.25, 1350243, 69.35, 4113377,211.25, 6542149,335.99,  856228,43.97, 349662,17.96, 144353, 7.41, 2709296,139.14, 928775,47.70, 475306,24.41, 1405948,72.21,  625338, 32.12,   90716, 4.66, 1433301, 73.61, 1994014,102.41,  992832, 50.99,  193925,  -65568,  116504, 142989, 1947118
"1979:Q4",  9111358,483.66, 10432586,553.80, 1321228, 70.14, 3962150,210.32, 6470436,343.47,  826724,43.89, 354616,18.82, 139888, 7.43, 2603271,138.19, 895778,47.55, 463101,24.58, 1376451,73.07,  684577, 36.34,   97045, 5.15, 1401056, 74.37, 1944242,103.21,  967065, 51.34,  281152,   32336,   88962, 159854, 1883828
"1979:Q3",  8830206,480.94, 10105966,550.43, 1275760, 69.48, 3845429,209.44, 6260537,340.98,  795927,43.35, 341528,18.60, 138305, 7.53, 2527395,137.66, 869277,47.35, 448757,24.44, 1352051,73.64,  652187, 35.52,   97098, 5.29, 1367132, 74.46, 1884008,102.61,  908061, 49.46,  283412,   44376,  104456, 134579, 1836023
"1979:Q2",  8546794,479.24,  9772147,547.95, 1225353, 68.71, 3717645,208.46, 6054502,339.49,  763421,42.81, 327319,18.35, 134613, 7.55, 2438382,136.73, 847192,47.50, 432071,24.23, 1310355,73.47,  613702, 34.41,   91207, 5.11, 1339184, 75.09, 1816167,101.84,  883887, 49.56,  272629,   12989,  128343, 131297, 1783413
"1979:Q1",  8274165,472.33,  9451962,539.57, 1177797, 67.24, 3562042,203.34, 5889920,336.23,  733605,41.88, 313819,17.91, 130373, 7.44, 2324853,132.72, 821174,46.88, 416015,23.75, 1280895,73.12,  601862, 34.36,   90058, 5.14, 1313265, 74.97, 1750413, 99.92,  853427, 48.72,  311231,   42348,  126725, 142157, 1751759
"1978:Q4",  7962935,468.75,  9113187,536.47, 1150252, 67.71, 3408033,200.62, 5705154,335.85,  708641,41.72, 311305,18.33, 130306, 7.67, 2210877,130.15, 795147,46.81, 402009,23.67, 1258461,74.08,  567778, 33.42,   81794, 4.81, 1289528, 75.91, 1675031, 98.60,  832562, 49.01,  184326,  -31943,   93525, 122745, 1698742
"1978:Q3",  7778608,469.63,  8886335,536.51, 1107727, 66.88, 3288677,198.55, 5597658,337.96,  678951,40.99, 298022,17.99, 130754, 7.89, 2129042,128.54, 770522,46.52, 389113,23.49, 1235735,74.61,  594614, 35.90,   86902, 5.25, 1264751, 76.36, 1616980, 97.63,  798676, 48.22,  246956,   44214,   91734, 111008, 1656310
"1978:Q2",  7531652,466.31,  8591809,531.95, 1060157, 65.64, 3172610,196.43, 5419199,335.52,  648036,40.12, 284526,17.62, 127595, 7.90, 2047892,126.79, 747349,46.27, 377369,23.36, 1203086,74.49,  558990, 34.61,   78312, 4.85, 1239218, 76.72, 1562990, 96.77,  776603, 48.08,  249519,   40720,  105861, 102939, 1615146
"1978:Q1",  7282133,464.99,  8291929,529.47, 1009796, 64.48, 3042450,194.27, 5249479,335.20,  621021,39.65, 266971,17.05, 121804, 7.78, 1953165,124.72, 724153,46.24, 365132,23.31, 1173632,74.94,  525611, 33.56,   70971, 4.53, 1211765, 77.38, 1505376, 96.12,  762124, 48.66,  173872,  -36165,   75087, 134951, 1566088
"1977:Q4",  7108261,464.93,  8095146,529.48,  986885, 64.55, 2947298,192.77, 5147848,336.71,  602997,39.44, 264892,17.33, 118996, 7.78, 1886806,123.41, 705080,46.12, 355412,23.25, 1142716,74.74,  558928, 36.56,   73819, 4.83, 1186319, 77.59, 1443292, 94.40,  742774, 48.58,  159760,  -32691,   86196, 106254, 1528880
"1977:Q3",  6948501,469.75,  7897551,533.91,  949050, 64.16, 2839326,191.95, 5058225,341.96,  579911,39.20, 252953,17.10, 116186, 7.85, 1809353,122.32, 684250,46.26, 345723,23.37, 1118606,75.62,  591451, 39.98,   73987, 5.00, 1162348, 78.58, 1392188, 94.12,  719645, 48.65,  140397,  -33397,   77538,  96256, 1479197
"1977:Q2",  6808104,473.66,  7718970,537.04,  910866, 63.37, 2742978,190.84, 4975992,346.20,  554091,38.55, 242048,16.84, 114727, 7.98, 1740633,121.10, 666296,46.36, 336049,23.38, 1085117,75.50,  622001, 43.27,   76834, 5.35, 1139758, 79.30, 1347794, 93.77,  704488, 49.01,  179361,   16242,   98212,  64907, 1437330
"1977:Q1",  6628743,473.48,  7500876,535.77,  872133, 62.29, 2630038,187.86, 4870838,347.91,  531310,37.95, 229155,16.37, 111668, 7.98, 1650002,117.86, 652348,46.60, 327688,23.41, 1061021,75.79,  608835, 43.49,   73758, 5.27, 1116900, 79.78, 1314428, 93.89,  695896, 49.71,  108140,  -61892,   69333, 100699, 1400016
"1976:Q4",  6520603,475.21,  7375956,537.55,  855353, 62.34, 2543163,185.34, 4832793,352.21,  517073,37.68, 228961,16.69, 109319, 7.97, 1589977,115.88, 635565,46.32, 317621,23.15, 1026484,74.81,  663951, 48.39,   80534, 5.87, 1095899, 79.87, 1279527, 93.25,  686398, 50.02,  168584,   25372,   53464,  89747, 1372140
"1976:Q3",  6352019,473.23,  7179238,534.86,  827219, 61.63, 2471450,184.13, 4707788,350.74,  501121,37.33, 220688,16.44, 105410, 7.85, 1541764,114.86, 618235,46.06, 311451,23.20,  999120,74.44,  639981, 47.68,   79131, 5.90, 1080249, 80.48, 1241293, 92.48,  668014, 49.77,  116117,    9892,   36724,  69501, 1342259
"1976:Q2",  6235902,475.33,  7037961,536.47,  802059, 61.14, 2420257,184.49, 4617704,351.99,  483990,36.89, 213148,16.25, 104921, 8.00, 1510149,115.11, 604583,46.08, 305525,23.29,  977156,74.48,  628903, 47.94,   80317, 6.12, 1065209, 81.20, 1212603, 92.43,  653516, 49.81,  177077,   19047,   71903,  86127, 1311899
"1976:Q1",  6058825,468.37,  6834132,528.30,  775307, 59.93, 2334914,180.50, 4499218,347.80,  469994,36.33, 204908,15.84, 100405, 7.76, 1444386,111.66, 591888,45.75, 298640,23.09,  948341,73.31,  609909, 47.15,   80264, 6.20, 1049322, 81.12, 1169745, 90.42,  641637, 49.60,  199147,   96589,   33728,  68830, 1293610
"1975:Q4",  5859678,463.52,  6625454,524.10,  765776, 60.58, 2286339,180.86, 4339115,343.24,  459087,36.32, 206996,16.37,  99693, 7.89, 1413658,111.83, 577817,45.71, 294864,23.32,  924545,73.13,  523756, 41.43,   69828, 5.52, 1035177, 81.89, 1149596, 90.94,  636213, 50.33,  167857,   43595,   41870,  82393, 1264165
"1975:Q3",  5691821,461.38,  6433878,521.53,  742057, 60.15, 2228654,180.66, 4205224,340.88,  446324,36.18, 201183,16.31,  94550, 7.66, 1374568,111.42, 562642,45.61, 291444,23.62,  902856,73.19,  485959, 39.39,   64030, 5.19, 1013069, 82.12, 1128210, 91.45,  611100, 49.54,   -4324,  -79827,     309,  75194, 1233647
"1975:Q2",  5696145,463.52,  6418117,522.27,  721972, 58.75, 2216083,180.33, 4202034,341.94,  434575,35.36, 195933,15.94,  91464, 7.44, 1376129,111.98, 551000,44.84, 288954,23.51,  885774,72.08,  556424, 45.28,   73392, 5.97,  991764, 80.70, 1109660, 90.30,  585020, 47.61,  232593,   82444,   59169,  90980, 1228887
"1975:Q1",  5463552,470.82,  6171494,531.83,  707942, 61.01, 2142419,184.62, 4029075,347.20,  424313,36.57, 195912,16.88,  87717, 7.56, 1320641,113.81, 537395,46.31, 284383,24.51,  857328,73.88,  485007, 41.80,   62366, 5.37,  969670, 83.56, 1079889, 93.06,  574815, 49.53,  252391,  107147,   65162,  80082, 1160434
"1974:Q4",  5211161,456.77,  5919779,518.88,  708618, 62.11, 2064503,180.96, 3855276,337.92,  419339,36.76, 201926,17.70,  87353, 7.66, 1261141,110.54, 525757,46.08, 277605,24.33,  840815,73.70,  391546, 34.32,   48679, 4.27,  948607, 83.15, 1051046, 92.13,  574583, 50.36,  138731,     649,   42290,  95792, 1140869
"1974:Q3",  5072430,455.26,  5767857,517.67,  695427, 62.42, 2002139,179.69, 3765718,337.98,  411381,36.92, 201241,18.06,  82805, 7.43, 1228579,110.27, 507100,45.51, 266460,23.92,  820526,73.64,  395987, 35.54,   43590, 3.91,  927311, 83.23, 1020062, 91.55,  558242, 50.10,  -39667, -157375,   13921, 103787, 1114191
"1974:Q2",  5112097,471.60,  5789104,534.06,  677007, 62.46, 1962314,181.03, 3826790,353.03,  400439,36.94, 196777,18.15,  79791, 7.36, 1224908,113.00, 482477,44.51, 254929,23.52,  811360,74.85,  537687, 49.60,   59265, 5.47,  906000, 83.58,  977995, 90.22,  534483, 49.31,  -16894,  -81055,    -901,  65061, 1083985
"1974:Q1",  5128991,482.03,  5785205,543.70,  656214, 61.67, 1944537,182.75, 3840668,360.95,  389858,36.64, 190460,17.90,  75896, 7.13, 1234864,116.05, 464819,43.68, 244854,23.01,  794683,74.69,  612211, 57.54,   65795, 6.18,  883852, 83.07,  957705, 90.01,  526422, 49.47,   29488,  -36211,  -10246,  75945, 1064035
"1973:Q4",  5099503,485.34,  5751466,547.39,  651963, 62.05, 1943353,184.96, 3808113,362.44,  382218,36.38, 192980,18.37,  76765, 7.31, 1251410,119.10, 454237,43.23, 237706,22.62,  777360,73.98,  646999, 61.58,   67218, 6.40,  863344, 82.17,  938110, 89.28,  515082, 49.02,  -35382, -147186,   42348,  69455, 1050700
"1973:Q3",  5134886,504.20,  5770435,566.60,  635549, 62.40, 1891339,185.71, 3879096,380.89,  372134,36.54, 186695,18.33,  76720, 7.53, 1216897,119.49, 445192,43.71, 229250,22.51,  758497,74.48,  785224, 77.10,   76179, 7.48,  849307, 83.39,  905002, 88.86,  504887, 49.58,  181243,   47782,   60585,  72876, 1018430
"1973:Q2",  4953642,497.51,  5570097,559.43,  616455, 61.91, 1819177,182.71, 3750920,376.72,  361814,36.34, 180398,18.12,  74243, 7.46, 1164853,116.99, 434273,43.62, 220051,22.10,  746388,74.96,  744177, 74.74,   69444, 6.97,  836037, 83.97,  863392, 86.71,  491482, 49.36,   39809,  -74887,   46984,  67712,  995679
"1973:Q1",  4913833,507.27,  5511379,568.96,  597546, 61.69, 1758700,181.56, 3752679,387.40,  351550,36.29, 171528,17.71,  74468, 7.69, 1125134,116.15, 421431,43.51, 212135,21.90,  728596,75.22,  811944, 83.82,   76564, 7.90,  822394, 84.90,  829903, 85.67,  483278, 49.89,   23959,  -78323,   32040,  70241,  968678
"1972:Q4",  4889875,514.80,  5475298,576.43,  585423, 61.63, 1714191,180.47, 3761107,395.96,  343552,36.17, 168757,17.77,  73114, 7.70, 1098624,115.66, 409500,43.11, 206067,21.69,  708627,74.60,  881654, 92.82,   85177, 8.97,  810028, 85.28,  802071, 84.44,  473550, 49.85,  246786,  123840,   58141,  64805,  949861
"1972:Q3",  4643089,512.57,  5209813,575.13,  566724, 62.56, 1649565,182.10, 3560248,393.03,  334408,36.92, 161529,17.83,  70787, 7.81, 1046653,115.54, 403464,44.54, 199448,22.02,  684343,75.55,  764000, 84.34,   78991, 8.72,  787556, 86.94,  776781, 85.75,  468577, 51.73,  125328,   19361,   40025,  65942,  905843
"1972:Q2",  4517761,512.91,  5069033,575.49,  551272, 62.59, 1600642,181.72, 3468391,393.77,  324462,36.84, 156222,17.74,  70588, 8.01, 1011650,114.85, 395008,44.85, 193984,22.02,  660459,74.98,  744544, 84.53,   79086, 8.98,  765283, 86.88,  756540, 85.89,  462479, 52.51,   64898,   -4033,   21255,  47675,  880815
"1972:Q1",  4452863,513.74,  4984196,575.04,  531333, 61.30, 1570890,181.24, 3413306,393.80,  316038,36.46, 148847,17.17,  66448, 7.67,  994999,114.80, 386967,44.65, 188924,21.80,  642135,74.09,  748271, 86.33,   79391, 9.16,  742624, 85.68,  742602, 85.68,  458283, 52.87,  158366,   45263,   43515,  69587,  866754
"1971:Q4",  4294498,502.97,  4818584,564.35,  524086, 61.38, 1517895,177.77, 3300689,386.57,  309454,36.24, 149243,17.48,  65389, 7.66,  957235,112.11, 377950,44.27, 182710,21.40,  623085,72.98,  707278, 82.84,   75121, 8.80,  721305, 84.48,  720895, 84.43,  453005, 53.06,  121712,   53844,   23501,  44367,  853832
"1971:Q3",  4172786,497.47,  4680677,558.02,  507891, 60.55, 1490789,177.73, 3189888,380.29,  302822,36.10, 143465,17.10,  61604, 7.34,  938482,111.88, 374553,44.65, 177754,21.19,  602289,71.80,  658605, 78.52,   69950, 8.34,  701217, 83.60,  705155, 84.07,  452672, 53.97,   60388,  -13381,   25740,  48029,  838808
"1971:Q2",  4112398,497.66,  4607544,557.58,  495146, 59.92, 1461016,176.80, 3146528,380.77,  295363,35.74, 138912,16.81,  60871, 7.37,  917847,111.07, 370738,44.86, 172431,20.87,  587212,71.06,  673008, 81.44,   68928, 8.34,  681826, 82.51,  689727, 83.47,  445827, 53.95,   73894,   -3028,   26567,  50355,  826350
"1971:Q1",  4038504,501.47,  4519999,561.26,  481495, 59.79, 1427159,177.21, 3092840,384.05,  289592,35.96, 134072,16.65,  57831, 7.18,  896384,111.31, 363713,45.16, 167062,20.74,  566008,70.28,  677192, 84.09,   67772, 8.42,  662182, 82.23,  674678, 83.78,  445008, 55.26,  162627,   68927,   26727,  66973,  805328
"1970:Q4",  3875876,495.52,  4354617,556.72,  478741, 61.21, 1390872,177.82, 2963745,378.91,  286015,36.57, 133660,17.09,  59066, 7.55,  874469,111.80, 354452,45.32, 161951,20.70,  542084,69.30,  617535, 78.95,   58502, 7.48,  643648, 82.29,  654591, 83.69,  447385, 57.20,  123416,   59235,   19411,  44770,  782186
"1970:Q3",  3752460,484.80,  4222199,545.49,  469739, 60.69, 1362891,176.08, 2859308,369.41,  282347,36.48, 131424,16.98,  55968, 7.23,  859007,110.98, 346138,44.72, 157746,20.38,  525371,67.88,  564830, 72.97,   51972, 6.71,  626474, 80.94,  645889, 83.45,  444772, 57.46,  127648,   87089,    -647,  41206,  774022
"1970:Q2",  3624812,480.41,  4087612,541.75,  462800, 61.34, 1356816,179.83, 2730796,361.92,  278674,36.93, 129421,17.15,  54705, 7.25,  861308,114.15, 339663,45.02, 155845,20.65,  503670,66.75,  485341, 64.32,   44372, 5.88,  609454, 80.77,  650399, 86.20,  437560, 57.99,  -63210, -142355,   32896,  46249,  754520
"1970:Q1",  3688022,500.30,  4144263,562.19,  456241, 61.89, 1318327,178.84, 2825936,383.35,  275814,37.42, 126663,17.18,  53764, 7.29,  834315,113.18, 334334,45.35, 149678,20.30,  489126,66.35,  614722, 83.39,   57346, 7.78,  591952, 80.30,  632637, 85.82,  440153, 59.71,   27622,  -20894,    4870,  43646,  737168
"1969:Q4",  3660400,507.59,  4124180,571.90,  463780, 64.31, 1308683,181.47, 2815497,390.42,  278689,38.65, 129231,17.92,  55860, 7.75,  832441,115.43, 329836,45.74, 146406,20.30,  492217,68.26,  638771, 88.58,   54190, 7.51,  575487, 79.80,  623271, 86.43,  431561, 59.84,   18030,  -46172,   23657,  40546,  721137
"1969:Q3",  3642369,514.84,  4094550,578.75,  452181, 63.91, 1278153,180.66, 2816397,398.09,  274512,38.80, 125813,17.78,  51856, 7.33,  812973,114.91, 323236,45.69, 141944,20.06,  486346,68.74,  685983, 96.96,   53151, 7.51,  560301, 79.20,  612652, 86.60,  417964, 59.08,   22028,  -22563,   12136,  32455,  707480
"1969:Q2",  3620342,528.56,  4066674,593.72,  446332, 65.16, 1259344,183.86, 2807330,409.86,  269738,39.38, 123675,18.06,  52919, 7.73,  804195,117.41, 316838,46.26, 138311,20.19,  489073,71.40,  707369,103.27,   54328, 7.93,  545331, 79.62,  608683, 88.87,  402546, 58.77,    7326,  -39616,   18299,  28643,  684950
"1969:Q1",  3613016,539.45,  4047936,604.39,  434920, 64.94, 1233251,184.13, 2814685,420.26,  264857,39.55, 118884,17.75,  51179, 7.64,  789668,117.90, 309289,46.18, 134294,20.05,  482823,72.09,  744967,111.23,   56346, 8.41,  530499, 79.21,  599735, 89.55,  400315, 59.77,   17320,  -48691,   24977,  41034,  669756
"1968:Q4",  3595696,543.43,  4031840,609.35,  436144, 65.92, 1200785,181.48, 2831055,427.87,  262934,39.74, 119324,18.03,  53886, 8.14,  768164,116.10, 302030,45.65, 130591,19.74,  485278,73.34,  791217,119.58,   58787, 8.88,  516987, 78.13,  588300, 88.91,  390486, 59.02,  169558,   89381,   40126,  40051,  661666
"1968:Q3",  3426138,527.59,  3848919,592.70,  422781, 65.10, 1152220,177.43, 2696699,415.27,  258183,39.76, 114160,17.58,  50438, 7.77,  732574,112.81, 293832,45.25, 125814,19.37,  470535,72.46,  704961,108.56,   55662, 8.57,  503632, 77.55,  571552, 88.01,  390357, 60.11,   62105,   10213,   13357,  38535,  649389
"1968:Q2",  3364033,525.07,  3779215,589.87,  415182, 64.80, 1130394,176.43, 2648821,413.43,  253675,39.59, 111404,17.39,  50103, 7.82,  721691,112.64, 285579,44.57, 123124,19.22,  458357,71.54,  697350,108.84,   53060, 8.28,  490975, 76.63,  564499, 88.11,  384580, 60.03,  137884,   90985,   18369,  28530,  640688
"1968:Q1",  3226149,517.05,  3628617,581.55,  402468, 64.50, 1104937,177.09, 2523680,404.47,  249378,39.97, 107272,17.19,  45818, 7.34,  706181,113.18, 278699,44.67, 120057,19.24,  450905,72.27,  614330, 98.46,   45095, 7.23,  478226, 76.64,  556278, 89.15,  378846, 60.72,   22373,  -53062,   23532,  51903,  623954
"1967:Q4",  3203775,527.56,  3614644,595.22,  410869, 67.66, 1074447,176.93, 2540197,418.29,  245974,40.50, 108567,17.88,  56328, 9.28,  685689,112.91, 271925,44.78, 116833,19.24,  446058,73.45,  663212,109.21,   49275, 8.11,  466547, 76.83,  543203, 89.45,  371902, 61.24,   67675,   23831,   19738,  24105,  607280
"1967:Q3",  3136101,524.65,  3525310,589.76,  389209, 65.11, 1047820,175.29, 2477490,414.47,  241547,40.41, 105544,17.66,  42118, 7.05,  668871,111.90, 265245,44.37, 113704,19.02,  433419,72.51,  640691,107.18,   47964, 8.02,  456662, 76.40,  533656, 89.28,  365098, 61.08,   86646,   39841,   11718,  35086,  597752
"1967:Q2",  3049455,519.77,  3432602,585.07,  383147, 65.31, 1028922,175.38, 2403680,409.70,  237076,40.41, 104131,17.75,  41940, 7.15,  659242,112.37, 258256,44.02, 111424,18.99,  421951,71.92,  604589,103.05,   44225, 7.54,  447034, 76.20,  528324, 90.05,  357557, 60.94,   41045,    7426,    9445,  24174,  586696
"1967:Q1",  3008410,519.30,  3384222,584.17,  375812, 64.87, 1013807,175.00, 2370415,409.17,  234221,40.43, 101348,17.49,  40243, 6.95,  651709,112.50, 252772,43.63, 109326,18.87,  410252,70.82,  598894,103.38,   42494, 7.34,  436980, 75.43,  522816, 90.25,  358979, 61.97,  106166,   73437,    4385,  28345,  579322
"1966:Q4",  2902244,510.01,  3278266,576.08,  376022, 66.08, 1005994,176.78, 2272272,399.30,  232742,40.90, 103422,18.17,  39858, 7.00,  648979,114.04, 249526,43.85, 107489,18.89,  400590,70.39,  531413, 93.38,   36538, 6.42,  427837, 75.18,  518539, 91.12,  357355, 62.80,   89046,   37117,   20365,  31565,  569061
"1966:Q3",  2813197,504.01,  3182748,570.22,  369551, 66.21,  979823,175.54, 2202925,394.67,  230272,41.26, 100989,18.09,  38290, 6.86,  631432,113.13, 243936,43.70, 104455,18.71,  393446,70.49,  497565, 89.14,   33270, 5.96,  418351, 74.95,  507729, 90.96,  352564, 63.16,  -28317,  -62173,    2554,  31302,  558165
"1966:Q2",  2841514,519.24,  3207174,586.06,  365660, 66.82,  971324,177.49, 2235850,408.57,  227232,41.52, 100205,18.31,  38223, 6.98,  630518,115.22, 238181,43.52, 102625,18.75,  388507,70.99,  555295,101.47,   37712, 6.89,  409120, 74.76,  501725, 91.68,  343491, 62.77,   32187,  -26923,   29937,  29173,  547242
"1966:Q1",  2809327,518.92,  3165291,584.68,  355964, 65.75,  935825,172.86, 2229466,411.82,  223358,41.26,  97096,17.94,  35510, 6.56,  604127,111.59, 232807,43.00,  98891,18.27,  384123,70.95,  580912,107.30,   39018, 7.21,  399651, 73.82,  487744, 90.09,  338018, 62.44,    6610,  -19548,    -207,  26365,  541375
"1965:Q4",  2802717,526.87,  3155503,593.19,  352786, 66.32,  930942,175.00, 2224561,418.19,  219449,41.25,  97489,18.33,  35848, 6.74,  605593,113.84, 227877,42.84,  97472,18.32,  380095,71.45,  600945,112.97,   38533, 7.24,  391197, 73.54,  485042, 91.18,  328749, 61.80,   80415,   37428,   15250,  27737,  531956
"1965:Q3",  2722302,523.66,  3065687,589.71,  343385, 66.05,  912547,175.54, 2153140,414.17,  215042,41.37,  94391,18.16,  33952, 6.53,  593543,114.17, 224873,43.26,  94131,18.11,  369423,71.06,  566351,108.94,   35700, 6.87,  383354, 73.74,  471934, 90.78,  326378, 62.78,   77825,   48726,    5943,  23156,  519863
"1965:Q2",  2644477,524.54,  2980946,591.28,  336469, 66.74,  903705,179.25, 2077241,412.03,  210329,41.72,  92243,18.30,  33897, 6.72,  589142,116.86, 222137,44.06,  92426,18.33,  357846,70.98,  520800,103.30,   32525, 6.45,  375832, 74.55,  468067, 92.84,  322171, 63.90,   -3070,  -23398,    5479,  14850,  504149
"1965:Q1",  2647547,533.76,  2974411,599.66,  326864, 65.90,  895205,180.48, 2079206,419.18,  205891,41.51,  87645,17.67,  33328, 6.72,  585435,118.03, 219247,44.20,  90523,18.25,  351297,70.82,  543741,109.62,   32982, 6.65,  368158, 74.22,  463183, 93.38,  319845, 64.48,   43712,   14574,    7115,  22022,  496020
"1964:Q4",  2603835,532.84,  2927204,599.01,  323369, 66.17,  884106,180.92, 2043098,418.09,  202335,41.40,  87352,17.88,  33682, 6.89,  579830,118.65, 215400,44.08,  88876,18.19,  345895,70.78,  530280,108.51,   31869, 6.52,  361410, 73.96,  458151, 93.75,  315493, 64.56,   44263,   12011,   12685,  19567,  488675
"1964:Q3",  2559573,531.49,  2873951,596.77,  314378, 65.28,  869243,180.50, 2004708,416.27,  198076,41.13,  84142,17.47,  32160, 6.68,  569664,118.29, 213350,44.30,  86229,17.91,  338278,70.24,  518453,107.66,   31685, 6.58,  354922, 73.70,  449039, 93.24,  312331, 64.85,   46454,   18607,    6065,  21782,  481587
"1964:Q2",  2513119,530.38,  2820685,595.28,  307566, 64.91,  860171,181.53, 1960514,413.75,  193368,40.81,  81812,17.27,  32386, 6.83,  565045,119.25, 210473,44.42,  84653,17.87,  327892,69.20,  501509,105.84,   30022, 6.34,  348620, 73.57,  444670, 93.84,  307801, 64.96,   44210,   16079,   13475,  14656,  473838
"1964:Q1",  2468908,536.26,  2766877,600.98,  297969, 64.72,  843875,183.29, 1923002,417.69,  188776,41.00,  78041,16.95,  31152, 6.77,  553844,120.30, 207779,45.13,  82252,17.87,  320095,69.53,  486212,105.61,   29240, 6.35,  342086, 74.30,  439363, 95.43,  306006, 66.47,   46520,   30955,    1652,  13913,  460392
"1963:Q4",  2422388,538.98,  2716392,604.40,  294004, 65.42,  839160,186.71, 1877232,417.69,  185106,41.19,  77870,17.33,  31028, 6.90,  553248,123.10, 204841,45.58,  81071,18.04,  316999,70.53,  457225,101.73,   27272, 6.07,  336215, 74.81,  438466, 97.56,  301055, 66.98,   -5071,  -27056,    5316,  16669,  449437
"1963:Q3",  2427460,550.94,  2712453,615.63,  284993, 64.68,  830885,188.58, 1881568,427.05,  180662,41.00,  74362,16.88,  29969, 6.80,  549322,124.68, 202006,45.85,  79557,18.06,  307763,69.85,  485140,110.11,   26413, 5.99,  330569, 75.03,  434895, 98.70,  296788, 67.36,   41885,   20716,   10453,  10716,  440601
"1963:Q2",  2385575,550.00,  2663051,613.98,  277476, 63.97,  817644,188.51, 1845407,425.46,  175801,40.53,  72217,16.65,  29458, 6.79,  540004,124.50, 199334,45.96,  78306,18.05,  300331,69.24,  465272,107.27,   25565, 5.89,  325112, 74.96,  434922,100.27,  294205, 67.83,   32187,   22944,    1426,   7817,  433739
"1963:Q1",  2353388,548.44,  2621347,610.88,  267959, 62.45,  813445,189.57, 1807902,421.32,  171352,39.93,  68935,16.06,  27672, 6.45,  539625,125.76, 196663,45.83,  77157,17.98,  294203,68.56,  443946,103.46,   23948, 5.58,  319363, 74.43,  434811,101.33,  291631, 67.96,   34342,   14260,    7823,  12259,  429107
"1962:Q4",  2319046,546.70,  2584095,609.18,  265049, 62.48,  803579,189.44, 1780516,419.74,  168307,39.68,  69344,16.35,  27398, 6.46,  533162,125.69, 194719,45.90,  75698,17.85,  286061,67.44,  431230,101.66,   22404, 5.28,  314380, 74.11,  432851,102.04,  293590, 69.21,  105001,   85409,    8684,  10908,  424193
"1962:Q3",  2214045,528.19,  2471599,589.63,  257554, 61.44,  793700,189.35, 1677899,400.28,  164345,39.21,  66626,15.89,  26583, 6.34,  525874,125.45, 193610,46.19,  74216,17.71,  276907,66.06,  348408, 83.12,   19817, 4.73,  311116, 74.22,  428812,102.30,  292839, 69.86,   39457,   19197,    4909,  15352,  419178
"1962:Q2",  2174587,522.96,  2425926,583.40,  251339, 60.44,  786529,189.15, 1639397,394.25,  160237,38.53,  65435,15.74,  25667, 6.17,  522112,125.56, 191450,46.04,  72967,17.55,  269203,64.74,  329789, 79.31,   19239, 4.63,  308016, 74.07,  423950,101.95,  289200, 69.55,  -94780, -108848,    5252,   8815,  415826
"1962:Q1",  2269368,553.59,  2513608,613.18,  244240, 59.58,  779418,190.13, 1734190,423.04,  156488,38.17,  62038,15.13,  25714, 6.27,  518133,126.39, 189692,46.27,  71593,17.46,  264453,64.51,  433050,105.64,   24826, 6.06,  304531, 74.29,  420717,102.63,  286613, 69.92,   12977,  -10164,    8391,  14750,  409933
"1961:Q4",  2256391,558.26,  2499304,618.35,  242913, 60.10,  769627,190.41, 1729677,427.94,  154027,38.11,  63435,15.69,  25451, 6.30,  511054,126.44, 188388,46.61,  70185,17.36,  259837,64.29,  443217,109.66,   24823, 6.14,  301563, 74.61,  415782,102.87,  284455, 70.38,   55930,   32689,    9358,  13883,  404186
"1961:Q3",  2200461,555.63,  2436248,615.17,  235787, 59.54,  759563,191.79, 1676685,423.37,  150179,37.92,  61082,15.42,  24526, 6.19,  502979,127.01, 187779,47.42,  68805,17.37,  254539,64.27,  412628,104.19,   22723, 5.74,  296320, 74.82,  409733,103.46,  280742, 70.89,   36456,   10639,   10060,  15757,  396030
"1961:Q2",  2164004,555.68,  2395516,615.13,  231512, 59.45,  748140,192.11, 1647376,423.02,  146603,37.65,  60597,15.56,  24312, 6.24,  494136,126.89, 186497,47.89,  67507,17.33,  248973,63.93,  403029,103.49,   21683, 5.57,  290969, 74.72,  404526,103.88,  278196, 71.44,   22704,     627,   10970,  11107,  389432
"1961:Q1",  2141300,558.13,  2366611,616.86,  225311, 58.73,  736012,191.84, 1630599,425.02,  143645,37.44,  59339,15.47,  22327, 5.82,  484488,126.28, 185416,48.33,  66108,17.23,  245235,63.92,  403160,105.08,   20925, 5.45,  285216, 74.34,  400872,104.49,  275191, 71.73,   50460,   41417,   -1609,  10652,  383653
"1960:Q4",  2090840,551.15,  2315390,610.34,  224550, 59.19,  737554,194.42, 1577836,415.92,  141378,37.27,  61248,16.15,  21924, 5.78,  486897,128.35, 185421,48.88,  65236,17.20,  242043,63.80,  364553, 96.10,   18115, 4.78,  279949, 73.80,  398555,105.06,  274621, 72.39,   53239,   40447,    1771,  11021,  379358
"1960:Q3",  2037601,539.27,  2256668,597.24,  219067, 57.98,  734743,194.46, 1521925,402.79,  138582,36.68,  59590,15.77,  20895, 5.53,  485654,128.53, 184433,48.81,  64656,17.11,  236987,62.72,  325875, 86.25,   16346, 4.33,  274511, 72.65,  395560,104.69,  272646, 72.16,   -4601,  -24862,    6633,  13628,  377847
"1960:Q2",  2042202,543.55,  2256687,600.64,  214485, 57.09,  726937,193.48, 1529750,407.16,  135366,36.03,  58622,15.60,  20497, 5.46,  479638,127.66, 183333,48.80,  63966,17.03,  230226,61.28,  350070, 93.17,   17013, 4.53,  268998, 71.60,  392615,104.50,  270828, 72.08,   18026,    6883,    4658,   6485,  375715
"1960:Q1",  2024176,545.07,  2231802,600.98,  207626, 55.91,  720533,194.03, 1511269,406.96,  132580,35.70,  55757,15.01,  19289, 5.19,  475580,128.06, 181679,48.92,  63274,17.04,  228305,61.48,  344090, 92.66,   16110, 4.34,  263035, 70.83,  391560,105.44,  268169, 72.21,    8394,  -21014,   12983,  16425,  371359
"1959:Q4",  2015782,549.81,  2222484,606.19,  206702, 56.38,  706025,192.57, 1516459,413.62,  130099,35.48,  57213,15.60,  19390, 5.29,  463647,126.46, 180221,49.16,  62157,16.95,  228096,62.21,  364442, 99.40,   16772, 4.57,  257362, 70.20,  388619,106.00,  261168, 71.23,   33674,   20270,    7946,   5458,  366634
"1959:Q3",  1982108,547.45,  2182002,602.66,  199894, 55.21,  697402,192.62, 1484600,410.04,  127007,35.08,  53918,14.89,  18969, 5.24,  456362,126.05, 179627,49.61,  61413,16.96,  225959,62.41,  345399, 95.40,   15545, 4.29,  252899, 69.85,  387258,106.96,  257540, 71.13,   13248,   -6255,    9471,  10032,  362062
"1959:Q2",  1968860,546.33,  2162539,600.08,  193679, 53.74,  686606,190.52, 1475933,409.55,  123346,34.23,  51878,14.40,  18455, 5.12,  447672,124.22, 178396,49.50,  60538,16.80,  220137,61.09,  351283, 97.48,   15916, 4.42,  248130, 68.85,  387556,107.54,  252911, 70.18,   27726,   12625,   10449,   4652,  360377
"1959:Q1",  1941134,549.55,  2127778,602.39,  186644, 52.84,  674228,190.88, 1453550,411.51,  119935,33.95,  48991,13.87,  17718, 5.02,  438052,124.02, 176561,49.99,  59615,16.88,  217114,61.47,  339692, 96.17,   14882, 4.21,  243645, 68.98,  387982,109.84,  250235, 70.84,   20310,    7189,    -141,  13262,  353222
"1958:Q4",  1920824,550.68,  2104973,603.47,  184149, 52.79,  670318,192.17, 1434655,411.30,  117177,33.59,  49490,14.19,  17482, 5.01,  438440,125.70, 172608,49.48,  59270,16.99,  215004,61.64,  333401, 95.58,   13984, 4.01,  239493, 68.66,  387268,111.03,  245505, 70.38,   30234,   11615,    9557,   9062,  348811
"1958:Q3",  1890590,550.12,  2068949,602.02,  178359, 51.90,  660429,192.17, 1408520,409.85,  114035,33.18,  47940,13.95,  16384, 4.77,  429327,124.92, 172354,50.15,  58748,17.09,  210539,61.26,  323591, 94.16,   12179, 3.54,  234245, 68.16,  385540,112.18,  242426, 70.54,   54092,   30237,    9913,  13942,  343668
"1958:Q2",  1836498,546.53,  2011281,598.55,  174783, 52.01,  650040,193.45, 1361241,405.10,  111142,33.08,  47704,14.20,  15937, 4.74,  419841,124.94, 171947,51.17,  58252,17.34,  202186,60.17,  294788, 87.73,   10745, 3.20,  229017, 68.15,  382513,113.83,  241992, 72.02,   27180,   15523,    5922,   5735,  336028
"1958:Q1",  1809318,543.17,  1980530,594.57,  171212, 51.40,  644332,193.43, 1336198,401.14,  108975,32.72,  46775,14.04,  15462, 4.64,  414465,124.43, 172242,51.71,  57625,17.30,  201589,60.52,  280386, 84.17,    9624, 2.89,  223859, 67.20,  379187,113.83,  241553, 72.52,   33405,   14867,   -3247,  21785,  333104
"1957:Q4",  1775913,534.96,  1947989,586.79,  172076, 51.83,  643760,193.92, 1304229,392.87,  107374,32.34,  49217,14.83,  15485, 4.66,  417162,125.66, 168481,50.75,  58117,17.51,  198191,59.70,  266234, 80.20,    8909, 2.68,  218667, 65.87,  373181,112.41,  239047, 72.01,   16782,    1106,    2882,  12794,  331974
"1957:Q3",  1759132,529.09,  1928103,579.91,  168971, 50.82,  639368,192.30, 1288735,387.61,  105397,31.70,  47971,14.43,  15603, 4.69,  414670,124.72, 167082,50.25,  57616,17.33,  195233,58.72,  264793, 79.64,    9244, 2.78,  211543, 63.63,  371025,111.59,  236897, 71.25,   -1518,  -26296,    7434,  17344,  332482
"1957:Q2",  1760650,536.55,  1926478,587.08,  165828, 50.53,  630621,192.18, 1295857,394.90,  103039,31.40,  47223,14.39,  15566, 4.74,  408017,124.34, 165861,50.55,  56743,17.29,  190694,58.11,  290373, 88.49,    9960, 3.04,  204293, 62.26,  367269,111.92,  233268, 71.09,   37188,   16966,    7762,  12460,  328145
"1957:Q1",  1723462,532.28,  1884223,581.93,  160761, 49.65,  619062,191.19, 1265161,390.74,  100851,31.15,  45242,13.97,  14668, 4.53,  401222,123.91, 162126,50.07,  55714,17.21,  189289,58.46,  274073, 84.65,    9294, 2.87,  197071, 60.86,  364549,112.59,  230885, 71.31,   12942,  -13524,    7823,  18643,  323789
"1956:Q4",  1710520,534.71,  1870120,584.61,  159600, 49.89,  608091,190.09, 1262029,394.51,   98745,30.87,  46580,14.56,  14275, 4.46,  394263,123.25, 159090,49.73,  54738,17.11,  187113,58.49,  287591, 89.90,    9300, 2.91,  190224, 59.46,  360828,112.80,  226973, 70.95,   38448,   20943,    4827,  12678,  319894
"1956:Q3",  1672072,533.90,  1826905,583.34,  154833, 49.44,  599584,191.45, 1227321,391.89,   96174,30.71,  44978,14.36,  13681, 4.37,  390218,124.60, 155496,49.65,  53870,17.20,  183165,58.49,  267245, 85.33,    8703, 2.78,  185430, 59.21,  357940,114.29,  224838, 71.79,   18621,   -5337,    7780,  16178,  313182
"1956:Q2",  1653451,535.88,  1804897,584.96,  151446, 49.08,  588176,190.63, 1216721,394.33,   93327,30.25,  44281,14.35,  13838, 4.48,  383760,124.37, 151976,49.25,  52440,17.00,  178865,57.97,  272249, 88.23,    9036, 2.93,  180957, 58.65,  354357,114.85,  221257, 71.71,   10146,   -8919,    8978,  10087,  308551
"1956:Q1",  1643305,541.24,  1789490,589.39,  146185, 48.15,  577339,190.15, 1212151,399.24,   90356,29.76,  42251,13.92,  13578, 4.47,  375328,123.62, 150201,49.47,  51810,17.06,  177309,58.40,  281337, 92.66,    8867, 2.92,  176651, 58.18,  349608,115.15,  218379, 71.93,   42753,   16906,    9701,  16146,  303616
"1955:Q4",  1600552,534.67,  1744978,582.91,  144426, 48.25,  565459,188.89, 1179519,394.02,   87936,29.38,  42949,14.35,  13541, 4.52,  367383,122.73, 148105,49.47,  49971,16.69,  175819,58.73,  265154, 88.58,    8144, 2.72,  172553, 57.64,  343804,114.85,  214045, 71.50,   20438,    1939,    8318,  10181,  299354
"1955:Q3",  1580114,535.44,  1718901,582.47,  138787, 47.03,  555201,188.14, 1163700,394.33,   85032,28.81,  40543,13.74,  13212, 4.48,  360688,122.22, 146277,49.57,  48236,16.35,  173016,58.63,  263912, 89.43,    7447, 2.52,  168512, 57.10,  339577,115.07,  211236, 71.58,   39316,   14200,   11261,  13855,  295107
"1955:Q2",  1540799,533.83,  1674225,580.06,  133426, 46.23,  540614,187.30, 1133611,392.75,   81697,28.30,  38755,13.43,  12974, 4.50,  350860,121.56, 143048,49.56,  46706,16.18,  168037,58.22,  249889, 86.58,    7270, 2.52,  164475, 56.98,  336411,116.55,  207529, 71.90,   35031,   21484,   10441,   3106,  288631
"1955:Q1",  1505768,533.77,  1632083,578.54,  126315, 44.78,  527824,187.10, 1104259,391.44,   78237,27.73,  35702,12.66,  12376, 4.39,  341601,121.09, 140758,49.90,  45465,16.12,  167846,59.50,  229212, 81.25,    6463, 2.29,  160411, 56.86,  335802,119.04,  204525, 72.50,   21623,    6788,    4868,   9967,  282103
"1954:Q4",  1484146,536.35,  1607238,580.83,  123092, 44.48,  520881,188.24, 1086357,392.59,   75356,27.23,  35963,13.00,  11773, 4.25,  337554,121.99, 138705,50.13,  44622,16.13,  166077,60.02,  222895, 80.55,    5992, 2.17,  156554, 56.58,  333830,120.64,  201009, 72.64,   17176,    1751,    8214,   7211,  276713
"1954:Q3",  1466969,539.77,  1584732,583.10,  117763, 43.33,  510852,187.97, 1073880,395.13,   72336,26.62,  34242,12.60,  11185, 4.12,  329781,121.34, 136936,50.39,  44135,16.24,  162931,59.95,  221823, 81.62,    5313, 1.95,  152675, 56.18,  331714,122.05,  199424, 73.38,   36222,   18599,    9571,   8052,  271778
"1954:Q2",  1430747,530.26,  1545059,572.63,  114312, 42.37,  501393,185.82, 1043666,386.80,   69614,25.80,  34006,12.60,  10692, 3.96,  320732,118.87, 137066,50.80,  43595,16.16,  157093,58.22,  203782, 75.53,    4755, 1.76,  148893, 55.18,  330346,122.43,  198797, 73.68,   21679,   15580,    4329,   1770,  269820
"1954:Q1",  1409068,522.01,  1519564,562.95,  110496, 40.93,  498300,184.60, 1021264,378.34,   67351,24.95,  32744,12.13,  10401, 3.85,  316592,117.29, 138371,51.26,  43337,16.05,  155136,57.47,  188593, 69.87,    4364, 1.62,  144986, 53.71,  330440,122.42,  197745, 73.26,   22794,   11386,    1566,   9842,  269931
"1953:Q4",  1386274,518.78,  1496898,560.18,  110624, 41.40,  493420,184.65, 1003478,375.53,   65938,24.68,  34614,12.95,  10072, 3.77,  315055,117.90, 135127,50.57,  43238,16.18,  154703,57.89,  177572, 66.45,    3999, 1.50,  141122, 52.81,  330219,123.58,  195863, 73.30,   20833,   14119,   -1413,   8127,  267217
"1953:Q3",  1365441,511.48,  1472670,551.65,  107229, 40.17,  493031,184.69,  979639,366.97,   64205,24.05,  33354,12.49,   9670, 3.62,  316348,118.50, 133383,49.96,  43300,16.22,  151424,56.72,  163848, 61.38,    3604, 1.35,  137197, 51.39,  328686,123.12,  194880, 73.00,   14696,   -4735,   10094,   9337,  266957
"1953:Q2",  1350745,506.28,  1455444,545.52,  104699, 39.24,  481964,180.65,  973480,364.87,   62225,23.32,  32672,12.25,   9802, 3.67,  306680,114.95, 132485,49.66,  42799,16.04,  147207,55.18,  168582, 63.19,    3605, 1.35,  133197, 49.92,  327735,122.84,  193154, 72.40,    2264,   -9308,    6851,   4721,  266799
"1953:Q1",  1348482,512.79,  1448689,550.90,  100207, 38.11,  472930,179.84,  975759,371.06,   60006,22.82,  30901,11.75,   9300, 3.54,  300182,114.15, 130376,49.58,  42372,16.11,  147804,56.21,  177857, 67.63,    3638, 1.38,  129203, 49.13,  329102,125.15,  188155, 71.55,   10261,   -3307,    5492,   8076,  262968
"1952:Q4",  1338221,516.88,  1436111,554.69,   97890, 37.81,  463972,179.21,  972139,375.48,   58416,22.56,  30522,11.79,   8952, 3.46,  294752,113.85, 126974,49.04,  42246,16.32,  145156,56.07,  181107, 69.95,    3695, 1.43,  125432, 48.45,  330659,127.71,  186090, 71.88,    3972,  -10844,   10712,   4104,  258904
"1952:Q3",  1334249,527.25,  1427690,564.18,   93441, 36.92,  453482,179.20,  974208,384.98,   56640,22.38,  27965,11.05,   8836, 3.49,  284584,112.46, 127233,50.28,  41665,16.46,  140790,55.64,  192065, 75.90,    3581, 1.42,  121630, 48.06,  332820,131.52,  183322, 72.44,   12812,    -342,    1429,  11725,  253057
"1952:Q2",  1321437,536.20,  1411848,572.88,   90411, 36.69,  448860,182.13,  962988,390.75,   54798,22.24,  26878,10.91,   8735, 3.54,  283505,115.04, 124058,50.34,  41297,16.76,  136445,55.36,  192556, 78.13,    3432, 1.39,  117895, 47.84,  332502,134.92,  180158, 73.10,   22561,    6282,   10848,   5431,  246447
"1952:Q1",  1298876,533.62,  1385100,569.04,   86224, 35.42,  437146,179.59,  947954,389.45,   53066,21.80,  24597,10.11,   8561, 3.52,  273170,112.23, 123241,50.63,  40735,16.74,  135920,55.84,  186383, 76.57,    3323, 1.37,  114125, 46.89,  331585,136.23,  176618, 72.56,   18305,    1785,    2943,  13577,  243408
