Downloaded from wid.world on 26-03-2018 at 22:37:58
Brazil;"sptinc_p90p100_z_BR
Pre-tax national income 
Top 10% | share
";p90p100;2005;0.550996542953
Brazil;"sptinc_p90p100_z_BR
Pre-tax national income 
Top 10% | share
";p90p100;2006;0.554700785242
Brazil;"sptinc_p90p100_z_BR
Pre-tax national income 
Top 10% | share
";p90p100;2007;0.549433283623
Brazil;"sptinc_p90p100_z_BR
Pre-tax national income 
Top 10% | share
";p90p100;2008;0.562044700723
Brazil;"sptinc_p90p100_z_BR
Pre-tax national income 
Top 10% | share
";p90p100;2009;0.549683038914
Brazil;"sptinc_p90p100_z_BR
Pre-tax national income 
Top 10% | share
";p90p100;2010;0.552102772501
Brazil;"sptinc_p90p100_z_BR
Pre-tax national income 
Top 10% | share
";p90p100;2011;0.565307915207
Brazil;"sptinc_p90p100_z_BR
Pre-tax national income 
Top 10% | share
";p90p100;2012;0.554212257402
Brazil;"sptinc_p90p100_z_BR
Pre-tax national income 
Top 10% | share
";p90p100;2013;0.548886515677
Brazil;"sptinc_p90p100_z_BR
Pre-tax national income 
Top 10% | share
";p90p100;2014;0.546107745483
Brazil;"sptinc_p90p100_z_BR
Pre-tax national income 
Top 10% | share
";p90p100;2015;0.555572732744
Brazil;"sptinc_p50p90_z_BR
Pre-tax national income 
Middle 40% | share | adults | equal split
";p50p90;2005;0.318717145631
Brazil;"sptinc_p50p90_z_BR
Pre-tax national income 
Middle 40% | share | adults | equal split
";p50p90;2006;0.314949451811
Brazil;"sptinc_p50p90_z_BR
Pre-tax national income 
Middle 40% | share | adults | equal split
";p50p90;2007;0.318693053201
Brazil;"sptinc_p50p90_z_BR
Pre-tax national income 
Middle 40% | share | adults | equal split
";p50p90;2008;0.306185806736
Brazil;"sptinc_p50p90_z_BR
Pre-tax national income 
Middle 40% | share | adults | equal split
";p50p90;2009;0.314725402959
Brazil;"sptinc_p50p90_z_BR
Pre-tax national income 
Middle 40% | share | adults | equal split
";p50p90;2010;0.309398396393
Brazil;"sptinc_p50p90_z_BR
Pre-tax national income 
Middle 40% | share | adults | equal split
";p50p90;2011;0.298679830984
Brazil;"sptinc_p50p90_z_BR
Pre-tax national income 
Middle 40% | share | adults | equal split
";p50p90;2012;0.305895572295
Brazil;"sptinc_p50p90_z_BR
Pre-tax national income 
Middle 40% | share | adults | equal split
";p50p90;2013;0.309802928524
Brazil;"sptinc_p50p90_z_BR
Pre-tax national income 
Middle 40% | share | adults | equal split
";p50p90;2014;0.310959796118
Brazil;"sptinc_p50p90_z_BR
Pre-tax national income 
Middle 40% | share | adults | equal split
";p50p90;2015;0.305616765395
Brazil;"sptinc_p0p50_z_BR
Pre-tax national income 
Bottom 50% | share | adults | equal split
";p0p50;2005;0.130286311416
Brazil;"sptinc_p0p50_z_BR
Pre-tax national income 
Bottom 50% | share | adults | equal split
";p0p50;2006;0.130349762947
Brazil;"sptinc_p0p50_z_BR
Pre-tax national income 
Bottom 50% | share | adults | equal split
";p0p50;2007;0.131873663175
Brazil;"sptinc_p0p50_z_BR
Pre-tax national income 
Bottom 50% | share | adults | equal split
";p0p50;2008;0.131769492541
Brazil;"sptinc_p0p50_z_BR
Pre-tax national income 
Bottom 50% | share | adults | equal split
";p0p50;2009;0.135591558127
Brazil;"sptinc_p0p50_z_BR
Pre-tax national income 
Bottom 50% | share | adults | equal split
";p0p50;2010;0.138498831106
Brazil;"sptinc_p0p50_z_BR
Pre-tax national income 
Bottom 50% | share | adults | equal split
";p0p50;2011;0.136012253809
Brazil;"sptinc_p0p50_z_BR
Pre-tax national income 
Bottom 50% | share | adults | equal split
";p0p50;2012;0.139892170303
Brazil;"sptinc_p0p50_z_BR
Pre-tax national income 
Bottom 50% | share | adults | equal split
";p0p50;2013;0.141310555799
Brazil;"sptinc_p0p50_z_BR
Pre-tax national income 
Bottom 50% | share | adults | equal split
";p0p50;2014;0.1429324584
Brazil;"sptinc_p0p50_z_BR
Pre-tax national income 
Bottom 50% | share | adults | equal split
";p0p50;2015;0.13881050186
Brazil;"sptinc_p99p100_z_BR
Pre-tax national income 
Top 1% | share
";p99p100;2005;0.279042959036
Brazil;"sptinc_p99p100_z_BR
Pre-tax national income 
Top 1% | share
";p99p100;2006;0.282252138298
Brazil;"sptinc_p99p100_z_BR
Pre-tax national income 
Top 1% | share
";p99p100;2007;0.282933815344
Brazil;"sptinc_p99p100_z_BR
Pre-tax national income 
Top 1% | share
";p99p100;2008;0.292855739544
Brazil;"sptinc_p99p100_z_BR
Pre-tax national income 
Top 1% | share
";p99p100;2009;0.274428243051
Brazil;"sptinc_p99p100_z_BR
Pre-tax national income 
Top 1% | share
";p99p100;2010;0.281901999938
Brazil;"sptinc_p99p100_z_BR
Pre-tax national income 
Top 1% | share
";p99p100;2011;0.296147885307
Brazil;"sptinc_p99p100_z_BR
Pre-tax national income 
Top 1% | share
";p99p100;2012;0.277312293322
Brazil;"sptinc_p99p100_z_BR
Pre-tax national income 
Top 1% | share
";p99p100;2013;0.276511795432
Brazil;"sptinc_p99p100_z_BR
Pre-tax national income 
Top 1% | share
";p99p100;2014;0.275217900082
Brazil;"sptinc_p99p100_z_BR
Pre-tax national income 
Top 1% | share
";p99p100;2015;0.283492360359
